layer_id,name,D,M,N,Q,alpha,alpha_weighted,entropy,has_esd,lambda_max,layer_type,log_alpha_norm,log_norm,log_spectral_norm,longname,matrix_rank,norm,num_evals,num_pl_spikes,rank_loss,rf,sigma,spectral_norm,stable_rank,status,sv_max,sv_min,warning,weak_rank_loss,xmax,xmin
2,embed_tokens,0.021466060109306406,4096,32768,8.0,3.4394161453892207,4.774237432919559,1.1734440835187594,True,24.439668655395508,embedding,4.785638268776454,2.981718178377003,1.388095313595524,model.embed_tokens,4096,958.7782608754933,4096,910,0,1,0.08086585779219618,24.439668655395508,39.230411606412076,success,4.9436492919921875,0.15741541981697083,,0,24.439668655395508,0.2924272119998932
6,q_proj,0.027847659387880308,4096,4096,1.0,1.4173533192924834,2.522353158737208,0.6844443712525135,True,60.20353698730469,dense,2.9873658758791968,2.4705682753012277,1.77962200702103,model.layers.0.self_attn.q_proj,4096,295.5073418142536,4096,720,2063,1,0.015553839876219456,60.20353698730469,4.908471438755637,success,7.759093761444092,1.0717908782709173e-09,over-trained,1663,60.20353698730469,0.001109034987166524
7,k_proj,0.02335626140566871,1024,4096,4.0,1.443638875208853,1.6702007988917025,0.5832603349614952,True,14.352848052978516,dense,2.177422929861545,1.9143767461126584,1.1569380872000088,model.layers.0.self_attn.k_proj,1024,82.10634998394289,1024,433,30,1,0.02131992376120934,14.352848052978516,5.720561499771755,success,3.788515329360962,0.0005633824039250612,over-trained,11,14.352848052978516,0.0009195670718327165
8,v_proj,0.04333799897017676,1024,4096,4.0,3.1657030687034062,0.35989975656518614,0.9181043006042762,True,1.299233317375183,dense,0.48422077358335264,1.2913780522097558,0.11368714903277147,model.layers.0.self_attn.v_proj,1024,19.560414438368753,1024,143,0,1,0.1811051887251061,1.299233317375183,15.055351626824267,success,1.1398391723632812,0.022584229707717896,,0,1.299233317375183,0.037805747240781784
9,o_proj,0.042271631208813665,4096,4096,1.0,2.9893236914463817,-0.3546826022266321,1.092859251546734,True,0.7609396576881409,dense,0.25600979235885435,1.8269881378956467,-0.11864978130053867,model.layers.0.self_attn.o_proj,4096,67.14105141013022,4096,272,22,1,0.12062046622613334,0.7609396576881409,88.23439642259639,success,0.8723185658454895,4.475085461308481e-06,,51,0.7609396576881409,0.06788117438554764
12,gate_proj,0.020021237380378087,4096,14336,3.5,2.3401755277326624,2.1975088616540286,1.1295340517039825,True,8.690322875976562,dense,2.769586345332909,2.792314044236163,0.9390359123117316,model.layers.0.mlp.gate_proj,4096,619.8891633179737,4096,946,0,1,0.043572864845923306,8.690322875976562,71.33097034076707,success,2.9479353427886963,0.019243424758315086,,0,8.690322875976562,0.16368213295936584
13,up_proj,0.030070947409506776,4096,14336,3.5,4.438862624547575,2.594829517629551,1.1592015250765315,True,3.842118978500366,dense,2.7273028952604044,2.7403922462955173,0.5845708094861407,model.layers.0.mlp.up_proj,4096,550.0374326512683,4096,53,0,1,0.47236410944992374,3.842118978500366,143.15991663172173,success,1.960132360458374,0.02095687761902809,,0,3.842118978500366,0.7831422686576843
14,down_proj,0.03350487286745285,4096,14336,3.5,3.8290403599668053,2.641116823836805,1.1830035807131751,True,4.895076274871826,dense,2.6753756199597607,2.7046494344889114,0.6897594633501594,model.layers.0.mlp.down_proj,4096,506.58162699546665,4096,833,0,1,0.09802043885108022,4.895076274871826,103.48799457853822,success,2.21248197555542,0.09972181916236877,,0,4.895076274871826,0.17898887395858765
20,q_proj,0.04922708363582928,4096,4096,1.0,2.9753560295362522,2.855563961944659,0.983185797719073,True,9.114620208740234,dense,3.2121365490062646,2.434925022549287,0.9597385770299683,model.layers.1.self_attn.q_proj,4096,272.223129615977,4096,42,980,1,0.3048040527252607,9.114620208740234,29.86664538747709,success,3.01904296875,4.895811756000512e-09,,970,9.114620208740234,1.2582658529281616
21,k_proj,0.0420459761530213,1024,4096,4.0,2.944283311247707,1.9054830347703895,0.8326411138160816,True,4.437931537628174,dense,2.262327543004299,2.007788489427405,0.6471805982430738,model.layers.1.self_attn.k_proj,1024,101.80954333445521,1024,60,24,1,0.25100589615904606,4.437931537628174,22.940764739436858,success,2.106639862060547,0.00043684878619387746,,23,4.437931537628174,0.51799476146698
22,v_proj,0.060765912091831464,1024,4096,4.0,5.960298752817389,-3.8960324672821414,1.0100005358027615,True,0.22199134528636932,dense,-3.746849802903448,1.4118651806944853,-0.6536639569351311,model.layers.1.self_attn.v_proj,1024,25.814586964668706,1024,65,0,1,0.6152493392888866,0.22199134528636932,116.28645671464278,success,0.47115957736968994,0.04630798473954201,,0,0.22199134528636932,0.06386328488588333
23,o_proj,0.020651503390690717,4096,4096,1.0,3.402747013833319,-0.08697974513810708,1.1388946793477939,True,0.9428408145904541,dense,0.15962825683140888,2.0120757375510796,-0.025561625587945547,model.layers.1.self_attn.o_proj,4096,102.81955917384508,4096,384,11,1,0.12261467010182556,0.9428408145904541,109.05293617195312,success,0.9709998965263367,6.892998953844653e-07,,24,0.9428408145904541,0.06948132812976837
26,gate_proj,0.017642638578232117,4096,14336,3.5,2.6374150526590707,2.1774480479687828,1.1545682076485084,True,6.692668437957764,dense,2.6490239458991955,2.7823737026656854,0.8255993101174788,model.layers.1.mlp.gate_proj,4096,605.8619839642779,4096,966,0,1,0.052682965753794005,6.692668437957764,90.52622127940852,success,2.587019205093384,0.02494734339416027,,0,6.692668437957764,0.17394569516181946
27,up_proj,0.04544252890997297,4096,14336,3.5,3.3338304031579162,1.6900587335373614,1.1741738778772672,True,3.2132315635681152,dense,2.087202924108303,2.7283144642309085,0.5069420243862678,model.layers.1.mlp.up_proj,4096,534.9515672739362,4096,659,0,1,0.09091312492327211,3.2132315635681152,166.48397623727504,success,1.7925488948822021,0.0222909115254879,,0,3.2132315635681152,0.22086860239505768
28,down_proj,0.052127734924843794,4096,14336,3.5,4.430636911404439,3.9656147158109825,1.180498811130463,True,7.853150844573975,dense,4.0205452580496575,2.7254690801444905,0.8950439395301178,model.layers.1.mlp.down_proj,4096,531.4581606779248,4096,879,0,1,0.11571251112485538,7.853150844573975,67.67451322358444,success,2.802347421646118,0.09032280743122101,,0,7.853150844573975,0.18048802018165588
34,q_proj,0.029896187391874607,4096,4096,1.0,3.716693573397597,2.168888871029288,1.1174275368585345,True,3.833127975463867,dense,2.2860370091021993,2.4992253986828965,0.5835533191525953,model.layers.2.self_attn.q_proj,4096,315.66424946516713,4096,163,36,1,0.2127878630778794,3.833127975463867,82.35160722150607,success,1.9578375816345215,8.589308322370925e-07,,37,3.833127975463867,0.3756793737411499
35,k_proj,0.03712625964121727,1024,4096,4.0,5.488463170089569,1.5002438802150153,0.9859609603624959,True,1.8764845132827759,dense,1.525422589470769,2.121827772255599,0.27334498451057876,model.layers.2.self_attn.k_proj,1024,132.38164464714282,1024,67,0,1,0.5483530515035829,1.8764845132827759,70.54768835557857,success,1.369848370552063,0.0032051443122327328,,0,1.8764845132827759,0.370290607213974
36,v_proj,0.027534661778030767,1024,4096,4.0,7.879760213555989,-7.356012121363862,1.0199961219007052,True,0.11653798818588257,dense,-7.207049358595666,1.333067300294801,-0.9335324834769598,model.layers.2.self_attn.v_proj,1024,21.5311536565423,1024,39,0,1,1.1016433016184124,0.11653798818588257,184.7565243892771,success,0.3413766026496887,0.048917606472969055,under-trained,0,0.11653798818588257,0.05235292389988899
37,o_proj,0.015387737860585116,4096,4096,1.0,3.664962841811531,-0.3126488823695974,1.1371360351480455,True,0.8216606378555298,dense,-0.09086439201935077,1.9521768187450421,-0.08530751766505229,model.layers.2.self_attn.o_proj,4096,89.57293787644421,4096,190,11,1,0.193336724915995,0.8216606378555298,109.01451736841453,success,0.9064549803733826,1.1947616258112248e-05,,26,0.8216606378555298,0.08516146242618561
40,gate_proj,0.03267979496689777,4096,14336,3.5,3.2379213662978525,2.4678145978487684,1.178302180876913,True,5.783092498779297,dense,2.632855881013913,2.77144583279923,0.7621601387653208,model.layers.2.mlp.gate_proj,4096,590.8072727849358,4096,136,0,1,0.19190017399013598,5.783092498779297,102.16113142054085,success,2.404806137084961,0.026235142722725868,,0,5.783092498779297,0.39251405000686646
41,up_proj,0.05695325871505208,4096,14336,3.5,5.034584180717053,2.7028917333090656,1.1880033235513163,True,3.4424285888671875,dense,2.731565322328959,2.716360662552383,0.5368649398417855,model.layers.2.mlp.up_proj,4096,520.4280098007293,4096,564,0,1,0.16988664092477268,3.4424285888671875,151.180480978979,success,1.855378270149231,0.02725648693740368,,0,3.4424285888671875,0.22503507137298584
42,down_proj,0.015712289234900978,4096,14336,3.5,4.124377261965479,0.5060323330505107,1.1883980362769722,True,1.3264565467834473,dense,1.2876646733383046,2.703251118047884,0.12269302755523391,model.layers.2.mlp.down_proj,4096,504.9531875392422,4096,627,0,1,0.12477560896202886,1.3264565467834473,380.67827307552136,success,1.1517189741134644,0.09954045712947845,,0,1.3264565467834473,0.2005538046360016
48,q_proj,0.03167260103181291,4096,4096,1.0,2.9232950351788847,2.1936998288353995,1.0981131660409742,True,5.628857612609863,dense,2.453744710790838,2.500373069410378,0.7504202629007513,model.layers.3.self_attn.q_proj,4096,316.49952998641453,4096,198,69,1,0.13668262642110907,5.628857612609863,56.22802205502354,success,2.37252140045166,2.70034234972627e-07,,62,5.628857612609863,0.3429938554763794
49,k_proj,0.044860510297212774,1024,4096,4.0,3.8458761447505885,1.7192491097379445,0.9535808367702012,True,2.799220085144043,dense,1.9140210203594854,2.1431352513515134,0.4470370456637367,model.layers.3.self_attn.k_proj,1024,139.03855684388964,1024,53,0,1,0.3909111521710618,2.799220085144043,49.670462705591426,success,1.6730870008468628,0.00311442743986845,,0,2.799220085144043,0.5081337690353394
50,v_proj,0.04211072087999773,1024,4096,4.0,6.012975213620786,-5.447735826147026,1.0269613436046252,True,0.12416616827249527,dense,-4.849590262225968,1.4331946659443564,-0.9059967208590248,model.layers.3.self_attn.v_proj,1024,27.11406706669368,1024,83,0,1,0.5502455146697455,0.12416616827249527,218.3692018842774,success,0.3523721992969513,0.05765612795948982,under-trained,0,0.12416616827249527,0.052104402333498
51,o_proj,0.021051433567206235,4096,4096,1.0,3.7001180253622055,-0.6312214497562382,1.1500489727938403,True,0.6751574277877808,dense,-0.28538361703707243,2.042388073223323,-0.17059495006093697,model.layers.3.self_attn.o_proj,4096,110.25240537098452,4096,348,8,1,0.14474151902661475,0.6751574277877808,163.2988112598232,success,0.8216796517372131,3.745057983906008e-05,,20,0.6751574277877808,0.07460131496191025
54,gate_proj,0.025909654617478295,4096,14336,3.5,3.3582403510398637,2.497340597286851,1.1781437882807673,True,5.5417327880859375,dense,2.6436408511303013,2.7700917306346895,0.7436455810893824,model.layers.3.mlp.gate_proj,4096,588.9680426304694,4096,967,0,1,0.07583589718759028,5.5417327880859375,106.2786794586488,success,2.354088544845581,0.03368183597922325,,0,5.5417327880859375,0.18457019329071045
55,up_proj,0.05007353398151748,4096,14336,3.5,4.986764816816372,2.0362155353453124,1.1899090452690073,True,2.560495138168335,dense,2.1694339638921343,2.708665296419903,0.408323955539027,model.layers.3.mlp.up_proj,4096,511.28764272411354,4096,596,0,1,0.16330424987691086,2.560495138168335,199.68311405967603,success,1.6001547574996948,0.033835556358098984,,0,2.560495138168335,0.21129818260669708
56,down_proj,0.01756733746403305,4096,14336,3.5,5.168878791517604,0.5988216137512802,1.1883430697051995,True,1.3057239055633545,dense,1.0253148157448118,2.700103904461052,0.11585135537207358,model.layers.3.mlp.down_proj,4096,501.3071564482525,4096,110,0,1,0.397486996681141,1.3057239055633545,383.93044219556015,success,1.1426827907562256,0.09416328370571136,,0,1.3057239055633545,0.3598664402961731
62,q_proj,0.03538742032975717,4096,4096,1.0,4.473884723491452,2.5438873562573554,1.1031229986053106,True,3.7034642696380615,dense,2.61783086110437,2.4422845074575052,0.568608159012217,model.layers.4.self_attn.q_proj,4096,276.8754870021111,4096,24,30,1,0.7091037498169573,3.7034642696380615,74.76121459359186,success,1.924438714981079,1.0685704410207109e-06,,31,3.7034642696380615,0.8613755702972412
63,k_proj,0.06382797493080661,1024,4096,4.0,4.66022612607751,0.9859412060098861,0.9673462293526861,True,1.6276652812957764,dense,1.1604451580535535,2.057495945416068,0.21156509991924966,model.layers.4.self_attn.k_proj,1024,114.1552647005592,1024,46,0,1,0.5396708999981292,1.6276652812957764,70.13436116895038,success,1.2757998704910278,0.012736249715089798,,0,1.6276652812957764,0.42194613814353943
64,v_proj,0.04495118762555983,1024,4096,4.0,8.62247410954293,-7.260682025188355,1.021308161397918,True,0.1438583880662918,dense,-7.172594689031506,1.4203495602939515,-0.8420648102790578,model.layers.4.self_attn.v_proj,1024,26.323859266471118,1024,29,0,1,1.4154579075173968,0.1438583880662918,182.98452818990813,success,0.37928667664527893,0.056668706238269806,under-trained,0,0.1438583880662918,0.06878674030303955
65,o_proj,0.0412797448172747,4096,4096,1.0,3.3930765871147774,-0.9883262048419084,1.1380291981462136,True,0.5113552212715149,dense,-0.06592301294901286,2.0272628742119534,-0.29127730526186213,model.layers.4.self_attn.o_proj,4096,106.47873285868181,4096,304,8,1,0.137252355360349,0.5113552212715149,208.2285042360889,success,0.7150910496711731,1.4995396668382455e-05,,23,0.5113552212715149,0.08267366141080856
68,gate_proj,0.029284114926167337,4096,14336,3.5,3.045109869057372,2.219278907436144,1.1765059621835268,True,5.35551118850708,dense,2.595236805158173,2.7839718259123702,0.7288009309572572,model.layers.4.mlp.gate_proj,4096,608.0955508740153,4096,254,0,1,0.12832160594853873,5.35551118850708,113.54575305135904,success,2.3141977787017822,0.05063252151012421,,0,5.35551118850708,0.31355154514312744
69,up_proj,0.05986953576987242,4096,14336,3.5,5.072488087929063,1.4407592650166514,1.1920315440569778,True,1.923242449760437,dense,1.6694231418381058,2.695700459626432,0.2840340361656459,model.layers.4.mlp.up_proj,4096,496.2499312751461,4096,717,0,1,0.15208985464549116,1.923242449760437,258.0277548142513,success,1.3868101835250854,0.04509361833333969,,0,1.923242449760437,0.19003060460090637
70,down_proj,0.009165892271300158,4096,14336,3.5,5.087221022184755,0.4383754683013783,1.1908553309537278,True,1.2194721698760986,dense,0.8140089515033736,2.686604491846074,0.08617189353277083,model.layers.4.mlp.down_proj,4096,485.96444058138877,4096,247,0,1,0.26006364593304426,1.2194721698760986,398.50392045499814,success,1.104297161102295,0.10358830541372299,,0,1.2194721698760986,0.264001727104187
76,q_proj,0.03150829007175138,4096,4096,1.0,4.63421886215247,2.524931217361151,1.1166289658822566,True,3.506267547607422,dense,2.572198255225709,2.460989462157087,0.5448450520932859,model.layers.5.self_attn.q_proj,4096,289.0609742950351,4096,32,20,1,0.6424452004360175,3.506267547607422,82.44122000680815,success,1.8725030422210693,5.4889587772777304e-05,,23,3.506267547607422,0.7129647135734558
77,k_proj,0.03718842705452352,1024,4096,4.0,5.221741963385132,1.0506922036414144,0.979702146643979,True,1.589332938194275,dense,1.1675980698930015,2.0826915777352335,0.20121488403848192,model.layers.5.self_attn.k_proj,1024,120.97387100826018,1024,37,0,1,0.6940501034450466,1.589332938194275,76.11612903820202,success,1.2606874704360962,0.02839069813489914,,0,1.589332938194275,0.45381960272789
78,v_proj,0.019289824405763212,1024,4096,4.0,6.246427784408598,-5.882667042388217,1.0283169793205154,True,0.11434969305992126,dense,-5.473121237750947,1.3652109843711688,-0.941764996798915,model.layers.5.self_attn.v_proj,1024,23.185207357397303,1024,84,0,1,0.5724322011945682,0.11434969305992126,202.75705808189483,success,0.3381563127040863,0.05211200565099716,under-trained,0,0.11434969305992126,0.043100759387016296
79,o_proj,0.028673815807389258,4096,4096,1.0,3.9901115669456013,-1.5868483066043466,1.1494557256522666,True,0.40022552013397217,dense,-0.7593173998257543,2.0244461762302652,-0.39769522229652,model.layers.5.self_attn.o_proj,4096,105.79037978233032,4096,252,6,1,0.18835932377323147,0.40022552013397217,264.32692184875634,success,0.6326338052749634,3.6685537452285644e-06,,21,0.40022552013397217,0.08457081019878387
82,gate_proj,0.013713008417962691,4096,14336,3.5,3.1775587699957475,2.540312128373674,1.1756314588330372,True,6.3016462326049805,dense,2.8461200191504297,2.799687413563929,0.7994540187142073,model.layers.5.mlp.gate_proj,4096,630.5033719926141,4096,979,0,1,0.06959508010966198,6.3016462326049805,100.05375559331836,success,2.510308027267456,0.04167597368359566,,0,6.3016462326049805,0.19040393829345703
83,up_proj,0.043492416261823486,4096,14336,3.5,5.2021378075870395,1.7518474639594028,1.192321065310206,True,2.1714773178100586,dense,1.829780252120631,2.6820566947085553,0.33675529729420606,model.layers.5.mlp.up_proj,4096,480.9021234269021,4096,634,0,1,0.16688821205133542,2.1714773178100586,221.46311153362328,success,1.4735933542251587,0.04279080778360367,,0,2.1714773178100586,0.19142203032970428
84,down_proj,0.019234786216304922,4096,14336,3.5,4.348681234745545,0.23370280365470408,1.189084195319273,True,1.1317254304885864,dense,0.9231436135584387,2.6742424737258816,0.053741074831477914,model.layers.5.mlp.down_proj,4096,472.32667538383976,4096,514,0,1,0.14770399737428994,1.1317254304885864,417.3509427811724,success,1.0638258457183838,0.08554840087890625,,0,1.1317254304885864,0.205759197473526
90,q_proj,0.028475812045500704,4096,4096,1.0,3.8666216018779536,2.2961578313534585,1.1116239098397174,True,3.9250106811523438,dense,2.37609265359067,2.4437334871097676,0.593840842930752,model.layers.6.self_attn.q_proj,4096,277.8007968285128,4096,107,26,1,0.27712677028219485,3.9250106811523438,70.77708047076021,success,1.9811639785766602,1.6703832443454303e-05,,27,3.9250106811523438,0.4361097812652588
91,k_proj,0.032491999535743665,1024,4096,4.0,5.155466021420908,1.548382912110536,0.973720409480725,True,1.9968162775039673,dense,1.5903886473222715,2.0853144802319794,0.3003381082674235,model.layers.6.self_attn.k_proj,1024,121.70669811338303,1024,31,0,1,0.746343729839303,1.9968162775039673,60.950373594468665,success,1.4130874872207642,0.020137015730142593,,0,1.9968162775039673,0.4670604467391968
92,v_proj,0.04510466194544621,1024,4096,4.0,5.478069242274579,-4.997117764568558,1.0230039274499663,True,0.1224040538072586,dense,-4.315171325122576,1.387850490231683,-0.9122041988818816,model.layers.6.self_attn.v_proj,1024,24.42589524597861,1024,84,0,1,0.48859741118992384,0.1224040538072586,199.5513586865384,success,0.3498629033565521,0.0487162247300148,,0,0.1224040538072586,0.04838535189628601
93,o_proj,0.029321577549951572,4096,4096,1.0,3.784802541319766,-1.5053316740295044,1.1427248243221246,True,0.4001929461956024,dense,-0.4733793938701012,2.0332620848541536,-0.3977305705107123,model.layers.6.self_attn.o_proj,4096,107.95980336025507,4096,254,8,1,0.17473405207145837,0.4001929461956024,269.7693809612714,success,0.6326080560684204,2.5136976546491496e-05,,22,0.4001929461956024,0.0907900333404541
96,gate_proj,0.008720071639755134,4096,14336,3.5,3.590981329641933,2.506341884545511,1.181206547764057,True,4.988323211669922,dense,2.759510333906065,2.7994939274449973,0.6979545852429774,model.layers.6.mlp.gate_proj,4096,630.2225337956334,4096,611,0,1,0.10481988487898812,4.988323211669922,126.33955480696612,success,2.2334554195404053,0.03995825722813606,,0,4.988323211669922,0.24640251696109772
97,up_proj,0.04097869349360117,4096,14336,3.5,5.002958746874855,1.6188122688385964,1.1920702602184967,True,2.10654616355896,dense,1.7430669356448196,2.6890416311064107,0.3235709808420473,model.layers.6.mlp.up_proj,4096,488.6992033951683,4096,655,0,1,0.15640854083970596,2.10654616355896,231.9907400317886,success,1.4513945579528809,0.041799578815698624,,0,2.10654616355896,0.19150738418102264
98,down_proj,0.012531557848714625,4096,14336,3.5,4.136085327878218,0.44196715384606355,1.1868543085375205,True,1.2789583206176758,dense,1.2159702315092171,2.679971625469669,0.1068563916868682,model.layers.6.mlp.down_proj,4096,478.5988221568987,4096,327,0,1,0.1734259149103338,1.2789583206176758,374.2098662963139,success,1.1309103965759277,0.10112886130809784,,0,1.2789583206176758,0.24423937499523163
104,q_proj,0.05586105400027336,4096,4096,1.0,4.974733158637301,2.6765707997628225,1.1031944319798808,True,3.45169997215271,dense,2.734891908013108,2.4317227082611437,0.5380330390416357,model.layers.7.self_attn.q_proj,4096,270.2232470655554,4096,19,23,1,0.9118663245284323,3.45169997215271,78.28700328697057,success,1.857875108718872,1.4256474969442934e-05,,24,3.45169997215271,0.949629545211792
105,k_proj,0.06009051231126494,1024,4096,4.0,6.8472488744880335,1.6602537904562833,0.9598258412833375,True,1.747713327407837,dense,1.7161565925093094,2.0795723762936986,0.24247019801517292,model.layers.7.self_attn.k_proj,1024,120.10812196147162,1024,15,0,1,1.5097531674681477,1.747713327407837,68.7230108496185,success,1.322011113166809,0.028937168419361115,under-trained,0,1.747713327407837,0.7401137351989746
106,v_proj,0.03906679707229352,1024,4096,4.0,6.711198017545077,-6.187330566381877,1.0234738405062325,True,0.11969023197889328,dense,-5.6651279449429985,1.4094684783858873,-0.9219412912875385,model.layers.7.self_attn.v_proj,1024,25.67251867125742,1024,42,0,1,0.8812569864040635,0.11969023197889328,214.49134358587116,success,0.3459627628326416,0.051783349364995956,under-trained,0,0.11969023197889328,0.05907002463936806
107,o_proj,0.040092037508171585,4096,4096,1.0,3.633215196857327,-1.261150472186545,1.1372471250510012,True,0.4496587812900543,dense,-0.20680737493167678,2.045738340761156,-0.34711692092376467,model.layers.7.self_attn.o_proj,4096,111.1062118810245,4096,254,8,1,0.1652226161446149,0.4496587812900543,247.09005251107277,success,0.6705660223960876,4.144755621382501e-06,,25,0.4496587812900543,0.09713481366634369
110,gate_proj,0.014771558650463729,4096,14336,3.5,3.272266395563362,2.480877983679415,1.1776341426590158,True,5.729976177215576,dense,2.7743477911588403,2.80567538926562,0.7581528163608758,model.layers.7.mlp.gate_proj,4096,639.2568482784554,4096,822,0,1,0.07925439170103364,5.729976177215576,111.56361361856409,success,2.3937368392944336,0.07187381386756897,,0,5.729976177215576,0.21676303446292877
111,up_proj,0.032275943380522865,4096,14336,3.5,4.8862405130245845,1.6807065430034953,1.1906549272557259,True,2.2078380584716797,dense,1.7842847789544152,2.685625114813186,0.34396721539258357,model.layers.7.mlp.up_proj,4096,484.86977742938325,4096,543,0,1,0.16677454331113137,2.2078380584716797,219.6129265771522,success,1.4858795404434204,0.06304225325584412,,0,2.2078380584716797,0.20428255200386047
112,down_proj,0.02049207365577499,4096,14336,3.5,4.313513151933259,0.16581864346803496,1.186986433702411,True,1.0925508737564087,dense,1.0092535786047345,2.675665766810392,0.03844166868801994,model.layers.7.mlp.down_proj,4096,473.8771488647908,4096,380,0,1,0.16997963816164852,1.0925508737564087,433.7346298900538,success,1.0452516078948975,0.08877391368150711,,0,1.0925508737564087,0.23314610123634338
118,q_proj,0.042843252460974035,4096,4096,1.0,3.747064245399358,1.973988991622718,1.1087676989515023,True,3.3636398315429688,dense,2.1095363111731373,2.416496677733611,0.526809486665829,model.layers.8.self_attn.q_proj,4096,260.91357635682573,4096,96,24,1,0.28037107049467247,3.3636398315429688,77.56882110565907,success,1.834022879600525,1.9366784442809148e-07,,27,3.3636398315429688,0.43465349078178406
119,k_proj,0.036755230846106324,1024,4096,4.0,5.743351122624102,1.3983173815675134,0.9650236733876085,True,1.751729965209961,dense,1.443471835108488,2.051298537585135,0.24346715910494965,model.layers.8.self_attn.k_proj,1024,112.53783024058794,1024,25,0,1,0.9486702245248203,1.751729965209961,64.24382323510648,success,1.3235293626785278,0.016584936529397964,,0,1.751729965209961,0.5233249068260193
120,v_proj,0.0741637095499792,1024,4096,4.0,3.565945478378234,-3.362461103113364,1.016031604296643,True,0.11404158174991608,dense,-1.912957859789555,1.4228410332784327,-0.9429367676823222,model.layers.8.self_attn.v_proj,1024,26.47530873841606,1024,278,0,1,0.15389518293621202,0.11404158174991608,232.15487133872153,success,0.33770042657852173,0.045174214988946915,,0,0.11404158174991608,0.03412710875272751
121,o_proj,0.04031686920353317,4096,4096,1.0,4.995449398451626,-2.0682184252480034,1.1357897718001682,True,0.38546016812324524,dense,-1.1061646217515404,2.0631830437859078,-0.41402049350936515,model.layers.8.self_attn.o_proj,4096,115.6599616019783,4096,108,7,1,0.3844622976215958,0.38546016812324524,300.05684417435765,success,0.620854377746582,1.4248522347770631e-05,,23,0.38546016812324524,0.1547432690858841
124,gate_proj,0.00787678102218392,4096,14336,3.5,3.613411851716934,2.645715138983526,1.1791831384422444,True,5.397505283355713,dense,2.8835183160253033,2.8031619547851943,0.732193076116247,model.layers.8.mlp.gate_proj,4096,635.5679002609104,4096,471,0,1,0.12041966167811652,5.397505283355713,117.75215898737721,success,2.3232531547546387,0.08267416805028915,,0,5.397505283355713,0.2841782569885254
125,up_proj,0.02656572226560583,4096,14336,3.5,4.902490885666598,1.5520245004926687,1.1901763363986275,True,2.072901964187622,dense,1.649331463981147,2.6925488392976895,0.3165787630590644,model.layers.8.mlp.up_proj,4096,492.6617433181964,4096,491,0,1,0.1761169482350377,2.072901964187622,237.6676523201001,success,1.4397575855255127,0.07036402821540833,,0,2.072901964187622,0.21751588582992554
126,down_proj,0.04093041962512456,4096,14336,3.5,5.95116413252325,0.30732829365168945,1.186022927777187,True,1.126267910003662,dense,0.8051786591380198,2.6827002409472533,0.051641710228110364,model.layers.8.mlp.down_proj,4096,481.6152620408684,4096,51,0,1,0.6933016527526124,1.126267910003662,427.6205135235562,success,1.0612577199935913,0.08845384418964386,,0,1.126267910003662,0.4548875093460083
132,q_proj,0.046715718017872054,4096,4096,1.0,3.395979254350013,1.4232177931752044,1.108425126920618,True,2.6247568130493164,dense,1.7716375749708644,2.3987718898695216,0.4190890716873966,model.layers.9.self_attn.q_proj,4096,250.47932823572458,4096,181,16,1,0.17809173542880152,2.6247568130493164,95.42953731577506,success,1.6201101541519165,1.3032762581133284e-05,,22,2.6247568130493164,0.31197118759155273
133,k_proj,0.04358270484673746,1024,4096,4.0,6.109636782655909,0.8076349159237491,0.9733157295383753,True,1.355783462524414,dense,0.8796694370143634,2.0496184652417795,0.13219033220051155,model.layers.9.self_attn.k_proj,1024,112.1033175715711,1024,24,0,1,1.043000240705274,1.355783462524414,82.68526698418289,success,1.1643811464309692,0.04599615931510925,under-trained,0,1.355783462524414,0.47749918699264526
134,v_proj,0.059503023688045664,1024,4096,4.0,5.35686775680648,-5.25328819055302,1.014084672378224,True,0.10455284267663956,dense,-4.230968279091513,1.3555140706369762,-0.9806641546971453,model.layers.9.self_attn.v_proj,1024,22.673265347024426,1024,84,0,1,0.47537324496376543,0.10455284267663956,216.85938676146927,success,0.3233463168144226,0.03895941004157066,,0,0.10455284267663956,0.04925757274031639
135,o_proj,0.05386910439703907,4096,4096,1.0,3.377423862932245,-1.2768786713583857,1.1326673954967483,True,0.4187329113483429,dense,0.00035483010633639427,2.0466763662887137,-0.3780629033188072,model.layers.9.self_attn.o_proj,4096,111.34644771286968,4096,265,9,1,0.1460439869643787,0.4187329113483429,265.9128162492125,success,0.6470957398414612,3.993063000962138e-05,,25,0.4187329113483429,0.09734396636486053
138,gate_proj,0.008668812683695237,4096,14336,3.5,3.416597011477165,2.590746489526477,1.1772901034934875,True,5.731690406799316,dense,2.7647364344448606,2.7955516746209645,0.7582827242497553,model.layers.9.mlp.gate_proj,4096,624.527655415237,4096,592,0,1,0.0993215253529997,5.731690406799316,108.9604656026746,success,2.394094944000244,0.07460721582174301,,0,5.731690406799316,0.2513480484485626
139,up_proj,0.01139863276457942,4096,14336,3.5,4.426643535754909,1.643957690778005,1.1888632645334798,True,2.3516783714294434,dense,1.7894616387550697,2.7010239678359382,0.3713779249445818,model.layers.9.mlp.up_proj,4096,502.3703135610558,4096,506,0,1,0.15233288595876954,2.3516783714294434,213.62203252976946,success,1.5335183143615723,0.07244539260864258,,0,2.3516783714294434,0.2163434773683548
140,down_proj,0.04479345343240759,4096,14336,3.5,4.558107577742455,0.5300999722736213,1.1822986597512017,True,1.3070682287216187,dense,1.2187274943490776,2.6896721639242926,0.11629825826449007,model.layers.9.mlp.down_proj,4096,489.40923931542784,4096,133,0,1,0.3085270553299801,1.3070682287216187,374.4328173243839,success,1.1432708501815796,0.06924136728048325,,0,1.3070682287216187,0.37829846143722534
146,q_proj,0.03893039968404116,4096,4096,1.0,4.722628578051688,2.4324916207425082,1.107540427408635,True,3.2739462852478027,dense,2.48108179895842,2.4220266400642463,0.5150715497821403,model.layers.10.self_attn.q_proj,4096,264.2570850328087,4096,24,20,1,0.7598783765107614,3.2739462852478027,80.71515596438908,success,1.809404969215393,1.1653970432234928e-05,,23,3.2739462852478027,0.7499486804008484
147,k_proj,0.05340973703116969,1024,4096,4.0,6.796193645418104,1.537290241069795,0.9711430317718128,True,1.6834441423416138,dense,1.5580594016363893,2.093053094125153,0.22619871081899118,model.layers.10.self_attn.k_proj,1024,123.89480433054268,1024,43,0,1,0.8839112442971889,1.6834441423416138,73.59602924407649,success,1.297476053237915,0.03743753209710121,under-trained,0,1.6834441423416138,0.49264052510261536
148,v_proj,0.03970397249196489,1024,4096,4.0,6.5132680298175645,-6.279508978658014,1.0142719633423707,True,0.1086149662733078,dense,-5.582166509048591,1.360250544821536,-0.9641103283191468,model.layers.10.self_attn.v_proj,1024,22.921896373736672,1024,79,0,1,0.6202911154909999,0.1086149662733078,211.0381023924301,success,0.3295678496360779,0.04053637385368347,under-trained,0,0.1086149662733078,0.051276907324790955
149,o_proj,0.04357342267524694,4096,4096,1.0,3.897046924840314,-1.8210414639855301,1.1389268530171865,True,0.3409670889377594,dense,-0.5526619658548445,2.0430802921749542,-0.4672875382582542,model.layers.10.self_attn.o_proj,4096,110.42827603473111,4096,221,8,1,0.19487646492707592,0.3409670889377594,323.86784419210863,success,0.583923876285553,7.039663614705205e-06,,27,0.3409670889377594,0.10300031304359436
152,gate_proj,0.009395520842975014,4096,14336,3.5,3.477820603599428,2.4622177248211914,1.1769948383003566,True,5.1047821044921875,dense,2.7728963203640733,2.790027897247238,0.7079772091386423,model.layers.10.mlp.gate_proj,4096,616.6346105979756,4096,434,0,1,0.11893919508791417,5.1047821044921875,120.79548117349408,success,2.2593765258789062,0.08616849780082703,,0,5.1047821044921875,0.28589770197868347
153,up_proj,0.008698101676337555,4096,14336,3.5,4.284458701432694,1.4106830965581,1.1882126755942344,True,2.1343019008636475,dense,1.6925468561604742,2.706130571874442,0.32925585117353967,model.layers.10.mlp.up_proj,4096,508.3122451151721,4096,423,0,1,0.15969584685322188,2.1343019008636475,238.16323497134263,success,1.4609249830245972,0.07759115844964981,,0,2.1343019008636475,0.2315157949924469
154,down_proj,0.028921433946250685,4096,14336,3.5,3.9384987070943227,0.8385056655171598,1.1838116011418216,True,1.632675290107727,dense,1.4147069542472486,2.69146220297014,0.21289981992549084,model.layers.10.mlp.down_proj,4096,491.4306087009609,4096,362,0,1,0.15444406317762732,1.632675290107727,300.99714969566014,success,1.2777618169784546,0.10017015784978867,,0,1.632675290107727,0.2523057460784912
160,q_proj,0.03847249386988094,4096,4096,1.0,5.514067124913606,2.299256086273628,1.1058075983299915,True,2.612041473388672,dense,2.3563375119310614,2.412168672858551,0.4169800682848329,model.layers.11.self_attn.q_proj,4096,258.3263292950238,4096,33,17,1,0.7857982239316369,2.612041473388672,98.89824948295714,success,1.6161811351776123,1.024274570227135e-05,,21,2.612041473388672,0.7219470739364624
161,k_proj,0.04219535081529113,1024,4096,4.0,7.4723095448652135,1.010077229299069,0.9612663416409727,True,1.3651363849639893,dense,1.0516313625169125,2.052152006972711,0.1351760420569259,model.layers.11.self_attn.k_proj,1024,112.75920544704422,1024,32,0,1,1.1441534922781522,1.3651363849639893,82.59922355671348,success,1.1683905124664307,0.037942882627248764,under-trained,0,1.3651363849639893,0.5193501114845276
162,v_proj,0.06811220841773458,1024,4096,4.0,8.030871733328276,-7.449564228118844,1.0092747297733622,True,0.11813650280237198,dense,-6.734962621580114,1.4250977086662413,-0.9276158897175516,model.layers.11.self_attn.v_proj,1024,26.613237437675707,1024,46,0,1,1.0366454818360933,0.11813650280237198,225.2753112405606,success,0.34370991587638855,0.03204773738980293,under-trained,0,0.11813650280237198,0.07172271609306335
163,o_proj,0.04406357636192898,4096,4096,1.0,4.055174185547349,-1.6612013685892968,1.1341436095724267,True,0.3893589675426483,dense,-0.36194867306983086,2.078601773250261,-0.4096498183752063,model.layers.11.self_attn.o_proj,4096,119.83999252056189,4096,139,8,1,0.2591364922425283,0.3893589675426483,307.78793481219935,success,0.6239863634109497,2.078167653962737e-06,,26,0.3893589675426483,0.14198508858680725
166,gate_proj,0.012303790874296394,4096,14336,3.5,3.509271450298985,2.5733359284644837,1.176328307897169,True,5.411234378814697,dense,2.844541913222889,2.7861781097181355,0.7332963450989918,model.layers.11.mlp.gate_proj,4096,611.192631423939,4096,344,0,1,0.13529084960297671,5.411234378814697,112.94883729612495,success,2.3262059688568115,0.0879191905260086,,0,5.411234378814697,0.31456372141838074
167,up_proj,0.010337646674036916,4096,14336,3.5,4.097325748568416,1.2925724027610461,1.1870733497835244,True,2.067603826522827,dense,1.6917478524027036,2.7128823931680777,0.31546732724696447,model.layers.11.mlp.up_proj,4096,516.2765427879058,4096,463,0,1,0.14394493482157722,2.067603826522827,249.69800121532415,success,1.4379165172576904,0.08553612977266312,,0,2.067603826522827,0.22841806709766388
168,down_proj,0.029565811163270006,4096,14336,3.5,3.8931016076596308,0.42900974574837303,1.1834963296951364,True,1.2888352870941162,dense,1.3660337574112014,2.69485188210272,0.11019741814708907,model.layers.11.mlp.down_proj,4096,495.2812443161383,4096,354,0,1,0.15376661558505578,1.2888352870941162,384.28591246351465,success,1.1352688074111938,0.07747893780469894,,0,1.2888352870941162,0.2570550739765167
174,q_proj,0.03277359473237995,4096,4096,1.0,5.424624746402285,2.32610854050706,1.1022793903689272,True,2.6841416358947754,dense,2.3771091691834174,2.3922563126314778,0.4288054288086526,model.layers.12.self_attn.q_proj,4096,246.74951779484857,4096,42,19,1,0.682734420695044,2.6841416358947754,91.92865029739501,success,1.6383349895477295,3.2509280572412536e-05,,24,2.6841416358947754,0.6424427032470703
175,k_proj,0.06102553346622752,1024,4096,4.0,7.669301975211467,1.0169493589680172,0.9659614521553327,True,1.3570629358291626,dense,1.0384780076585645,2.043851428319198,0.13259998918480148,model.layers.12.self_attn.k_proj,1024,110.62452739046421,1024,36,0,1,1.111550329201911,1.3570629358291626,81.51761017839077,success,1.1649304628372192,0.036478977650403976,under-trained,0,1.3570629358291626,0.4716895818710327
176,v_proj,0.06351906196160417,1024,4096,4.0,7.5042555862473845,-7.418070161657297,1.017213349997135,True,0.1026797667145729,dense,-6.717716877748626,1.370319628966116,-0.9885151267038352,model.layers.12.self_attn.v_proj,1024,23.45954739220906,1024,39,0,1,1.0415144389022184,0.1026797667145729,228.47293232971035,success,0.32043683528900146,0.03909725695848465,under-trained,0,0.1026797667145729,0.06066092103719711
177,o_proj,0.06860204136926845,4096,4096,1.0,3.3768629656485203,-1.5736213306313591,1.1325047586560455,True,0.34197869896888733,dense,-0.07415239813260562,2.045770372046733,-0.4660009442607477,model.layers.12.self_attn.o_proj,4096,111.11440679529514,4096,307,7,1,0.13565473463021627,0.34197869896888733,324.9161632882993,success,0.5847894549369812,1.1233716577407904e-05,,27,0.34197869896888733,0.09192496538162231
180,gate_proj,0.006559867411426223,4096,14336,3.5,3.472640600432477,2.5702420255297183,1.174397353798437,True,5.49718713760376,dense,2.8954403742844166,2.7793062512770375,0.740140521656524,model.layers.12.mlp.gate_proj,4096,601.5978164486587,4096,311,0,1,0.14021058506292725,5.49718713760376,109.43739068539278,success,2.3446080684661865,0.09123236685991287,,0,5.49718713760376,0.3225124478340149
181,up_proj,0.01371003406982474,4096,14336,3.5,4.132372660231594,1.5618552582850018,1.1862099042484044,True,2.3875696659088135,dense,1.8387844771819342,2.7155764789090053,0.37795605253991527,model.layers.12.mlp.up_proj,4096,519.4891470735893,4096,477,0,1,0.14342149170228902,2.3875696659088135,217.58072842488093,success,1.5451762676239014,0.08485106378793716,,0,2.3875696659088135,0.23007652163505554
182,down_proj,0.028375746537467383,4096,14336,3.5,3.9091306360732876,0.5638154904576715,1.183303840191957,True,1.3938961029052734,dense,1.4035466839997248,2.698048430490524,0.1442304038792684,model.layers.12.mlp.down_proj,4096,498.940123828128,4096,293,0,1,0.16995322642766933,1.3938961029052734,357.94642282749464,success,1.180633783340454,0.07585512846708298,,0,1.3938961029052734,0.27718818187713623
188,q_proj,0.04725787410410209,4096,4096,1.0,4.250435699442951,2.190169672838793,1.1096833417699026,True,3.275527238845825,dense,2.2686755946417296,2.4028873227240592,0.5152812153177214,model.layers.13.self_attn.q_proj,4096,252.86418576910052,4096,47,19,1,0.47412477566369904,3.275527238845825,77.19801037533136,success,1.8098417520523071,1.4352757716551423e-05,,22,3.275527238845825,0.5869745016098022
189,k_proj,0.04354898041549149,1024,4096,4.0,5.590346943433296,1.4535229406825358,0.9706589204039534,True,1.8197253942489624,dense,1.5030587979459793,2.062609084332869,0.2600058556991561,model.layers.13.self_attn.k_proj,1024,115.50720745918807,1024,24,0,1,0.9370006461463312,1.8197253942489624,63.47507586816979,success,1.348971962928772,0.03971921652555466,,0,1.8197253942489624,0.5449740886688232
190,v_proj,0.08072600785444012,1024,4096,4.0,3.277532092268803,-3.0149067131544576,1.0165362705212768,True,0.12026216089725494,dense,-1.511205128018828,1.4375545162013383,-0.9198709969205675,model.layers.13.self_attn.v_proj,1024,27.387634047074243,1024,329,0,1,0.1255644088262008,0.12026216089725494,227.7327618491128,success,0.34678834676742554,0.05147593468427658,,0,0.12026216089725494,0.031133171170949936
191,o_proj,0.039642222869502475,4096,4096,1.0,3.3614381370722364,-1.3468151219971687,1.1342360675755914,True,0.3974968194961548,dense,0.11061665866345852,2.0787534893248796,-0.4006663419277515,model.layers.13.self_attn.o_proj,4096,119.88186463765511,4096,265,8,1,0.14506199163089376,0.3974968194961548,301.59200969107326,success,0.6304734945297241,1.2293217878323048e-05,,26,0.3974968194961548,0.10162937641143799
194,gate_proj,0.00603767983840775,4096,14336,3.5,3.6247487813159327,2.89137011119881,1.1767471276670525,True,6.275879859924316,dense,3.0559802048195417,2.769985841077212,0.7976746212324055,model.layers.13.mlp.gate_proj,4096,588.8244581143372,4096,361,0,1,0.13814467270083855,6.275879859924316,93.82341141907042,success,2.5051705837249756,0.08402127027511597,,0,6.275879859924316,0.2935386002063751
195,up_proj,0.016909339413908597,4096,14336,3.5,4.165808290907799,1.1145726413194634,1.1866283711947123,True,1.8516229391098022,dense,1.7457112484928818,2.7215627675889382,0.26755255246673376,model.layers.13.mlp.up_proj,4096,526.6993320439942,4096,535,0,1,0.13686982788268773,1.8516229391098022,284.4528013339549,success,1.360743522644043,0.08664651215076447,,0,1.8516229391098022,0.22349581122398376
196,down_proj,0.024443975593293032,4096,14336,3.5,3.4407535247965826,0.5727778446366752,1.1817903774546663,True,1.467130422592163,dense,1.588173014144342,2.705928414097978,0.166468722769248,model.layers.13.mlp.down_proj,4096,508.0756882056594,4096,603,0,1,0.09939516731169731,1.467130422592163,346.30574104514744,success,1.2112516164779663,0.07717552781105042,,0,1.467130422592163,0.20579248666763306
202,q_proj,0.041973885197909455,4096,4096,1.0,5.7272780571707536,2.5008499204525543,1.1009700996755538,True,2.733102560043335,dense,2.5246817488810724,2.3672191571605343,0.4366559289576315,model.layers.14.self_attn.q_proj,4096,232.9266374198907,4096,27,18,1,0.9097650862805818,2.733102560043335,85.22425789107508,success,1.6532098054885864,3.234624955439358e-06,,24,2.733102560043335,0.718491792678833
203,k_proj,0.04438158374386078,1024,4096,4.0,6.3096129230427955,0.8676745964323159,0.9649185862478996,True,1.3725124597549438,dense,0.8922971320246208,1.9514505853203739,0.13751629569280804,model.layers.14.self_attn.k_proj,1024,89.42327789927367,1024,30,0,1,0.9693982565238269,1.3725124597549438,65.15298077165711,success,1.171542763710022,0.04024632275104523,under-trained,0,1.3725124597549438,0.40489956736564636
204,v_proj,0.054032409002052,1024,4096,4.0,11.500416185323527,-9.625950899158084,1.0213491678128446,True,0.1455429196357727,dense,-9.422704311158023,1.5443362306016224,-0.8370089172461797,model.layers.14.self_attn.v_proj,1024,35.021619932958856,1024,25,0,1,2.1000832370647053,0.1455429196357727,240.6274384257368,success,0.38150086998939514,0.053058404475450516,under-trained,0,0.1455429196357727,0.09296918660402298
205,o_proj,0.08280698163023681,4096,4096,1.0,3.2812379570775048,-1.4647418645678438,1.1352143417637308,True,0.3577674627304077,dense,0.19860705364921238,2.1304873834678917,-0.4463991590151064,model.layers.14.self_attn.o_proj,4096,135.04775950484088,4096,376,7,1,0.11764586483508718,0.3577674627304077,377.4735647400246,success,0.5981366634368896,5.059926024841843e-06,,24,0.3577674627304077,0.09957810491323471
208,gate_proj,0.006083664755662577,4096,14336,3.5,3.516137636666329,2.961325434468535,1.1745545222385991,True,6.953600883483887,dense,3.1921053354764792,2.7744639083163216,0.8422097598193525,model.layers.14.mlp.gate_proj,4096,594.9273137622513,4096,398,0,1,0.12612258341334565,6.953600883483887,85.55672431176139,success,2.6369681358337402,0.08624716103076935,,0,6.953600883483887,0.28381723165512085
209,up_proj,0.010517200215074851,4096,14336,3.5,4.1256917395471575,1.8572387149828506,1.1869886605951925,True,2.819448709487915,dense,2.028189093613778,2.7305861102594875,0.4501641984494712,model.layers.14.mlp.up_proj,4096,537.7570469761267,4096,535,0,1,0.1351354381232865,2.819448709487915,190.73127493558744,success,1.6791213750839233,0.09108740836381912,,0,2.819448709487915,0.22567346692085266
210,down_proj,0.007783455267273975,4096,14336,3.5,4.101590235352335,0.5590954324548266,1.1881480817263508,True,1.3687113523483276,dense,1.3439084891005302,2.7116306859757247,0.13631186939053144,model.layers.14.mlp.down_proj,4096,514.7906922483817,4096,538,0,1,0.1337190501176759,1.3687113523483276,376.1134086928878,success,1.1699193716049194,0.11840440332889557,,0,1.3687113523483276,0.21602725982666016
216,q_proj,0.05247219484861121,4096,4096,1.0,2.7777995834845433,1.0689507132798475,1.1015749710414053,True,2.425600290298462,dense,1.7425580532137852,2.365818754669453,0.3848192359287952,model.layers.15.self_attn.q_proj,4096,232.17676443583557,4096,262,17,1,0.10983282506599014,2.425600290298462,95.71930105898322,success,1.557433843612671,5.939263246546034e-06,,22,2.425600290298462,0.21934668719768524
217,k_proj,0.0453706521138556,1024,4096,4.0,6.290429106481728,0.9230958006285613,0.9611535594773298,True,1.401993751525879,dense,0.9605280505945194,1.9518581035211948,0.1467460780501275,model.layers.15.self_attn.k_proj,1024,89.50722719542682,1024,22,0,1,1.1279232753304764,1.401993751525879,63.842814633096914,success,1.1840581893920898,0.04235624149441719,under-trained,0,1.401993751525879,0.46734800934791565
218,v_proj,0.03343024561352517,1024,4096,4.0,9.105010295166872,-8.43641527343333,1.0272640483770668,True,0.118421770632267,dense,-7.9643135749655585,1.5190823522423629,-0.926568449671227,model.layers.15.self_attn.v_proj,1024,33.04321926552802,1024,59,0,1,1.055182463816141,0.118421770632267,279.0299375622118,success,0.3441246449947357,0.05776499956846237,under-trained,0,0.118421770632267,0.06633999943733215
219,o_proj,0.02472735255382033,4096,4096,1.0,4.194104560944131,-1.6074632095038348,1.1390623160037336,True,0.4137449264526367,dense,-0.38482092721294336,2.121869285221448,-0.38326731871986996,model.layers.15.self_attn.o_proj,4096,132.39429923425547,4096,216,7,1,0.21733128776137822,0.4137449264526367,319.9901455454131,success,0.6432300806045532,8.902898116502911e-06,,23,0.4137449264526367,0.1263497918844223
222,gate_proj,0.009180170137027766,4096,14336,3.5,3.5871500526986564,3.0129737697720804,1.1743313145246927,True,6.917278289794922,dense,3.2751642598045323,2.787407393072116,0.8399352481799259,model.layers.15.mlp.gate_proj,4096,612.9250809312798,4096,448,0,1,0.12223135078300526,6.917278289794922,88.60783898712442,success,2.6300718784332275,0.08149988204240799,,0,6.917278289794922,0.2822721600532532
223,up_proj,0.017026772157036074,4096,14336,3.5,4.35355231074929,1.5812417290133005,1.1870556453240568,True,2.3078482151031494,dense,1.8933698848707894,2.7259608771255106,0.3632072423039642,model.layers.15.mlp.up_proj,4096,532.0603271196596,4096,491,0,1,0.15134369714609555,2.3078482151031494,230.54389956745018,success,1.5191603899002075,0.07671161741018295,,0,2.3078482151031494,0.234368696808815
224,down_proj,0.011255926204517652,4096,14336,3.5,4.3008760972921944,0.35347603799574695,1.1892104589106713,True,1.208333969116211,dense,1.1313709822816258,2.7088531686029698,0.08218698469790686,model.layers.15.mlp.down_proj,4096,511.50886935554445,4096,559,0,1,0.1396121833317566,1.208333969116211,423.317462249007,success,1.0992424488067627,0.08892464637756348,,0,1.208333969116211,0.21298180520534515
230,q_proj,0.04434671246891009,4096,4096,1.0,5.457713137524617,2.67587998918129,1.1033395045776704,True,3.0923829078674316,dense,2.69370752028495,2.368945281803031,0.4902932641848145,model.layers.16.self_attn.q_proj,4096,233.85425793895422,4096,32,19,1,0.7880197970320043,3.0923829078674316,75.62267187029072,success,1.7585172653198242,4.9347027015755884e-06,,22,3.0923829078674316,0.6942472457885742
231,k_proj,0.052611534878064026,1024,4096,4.0,6.538608862031961,1.3362234394366534,0.9632166692274725,True,1.600880742073059,dense,1.3571683927768576,1.979035607706464,0.2043589802711343,model.layers.16.self_attn.k_proj,1024,95.28742867684923,1024,20,0,1,1.2384705916286218,1.600880742073059,59.52187828398564,success,1.2652591466903687,0.04344621300697327,under-trained,0,1.600880742073059,0.5275787115097046
232,v_proj,0.05864985856946758,1024,4096,4.0,8.989567056838496,-7.970033758963407,1.0292443971745004,True,0.12984132766723633,dense,-7.703400751983804,1.5228201472053693,-0.8865870523653845,model.layers.16.self_attn.v_proj,1024,33.32883606827818,1024,81,0,1,0.8877296729820551,0.12984132766723633,256.68896542474477,success,0.36033502221107483,0.06071209907531738,under-trained,0,0.12984132766723633,0.06252430379390717
233,o_proj,0.03590381698919365,4096,4096,1.0,3.6881740943184655,-1.053519175069469,1.1357585882870604,True,0.5180266499519348,dense,0.08115268023470867,2.126528579445249,-0.28564789734095997,model.layers.16.self_attn.o_proj,4096,133.82232761864864,4096,169,8,1,0.20678262263988195,0.5180266499519348,258.3309712561417,success,0.7197406888008118,2.2185655325301923e-05,,24,0.5180266499519348,0.140874445438385
236,gate_proj,0.013972972114564275,4096,14336,3.5,3.8704573491694596,3.4552482007901926,1.1759426325520275,True,7.81130313873291,dense,3.6679933244556464,2.8008401117499555,0.8927234921040108,model.layers.16.mlp.gate_proj,4096,632.1790678212419,4096,392,0,1,0.14497998976460616,7.81130313873291,80.93131921696092,success,2.7948708534240723,0.07761542499065399,,0,7.81130313873291,0.30853816866874695
237,up_proj,0.024524740976134662,4096,14336,3.5,4.6596306694213805,2.1071602699123546,1.1887798166072798,True,2.832801580429077,dense,2.201235348004433,2.721470439761646,0.452216156044405,model.layers.16.mlp.up_proj,4096,526.587371523492,4096,547,0,1,0.1564745082448721,2.832801580429077,185.88925364964362,success,1.6830928325653076,0.08358629792928696,,0,2.832801580429077,0.22204197943210602
238,down_proj,0.017763180904523,4096,14336,3.5,4.28653244389338,0.2899687598701167,1.1891259837684331,True,1.1685477495193481,dense,1.1183131609055956,2.704279825803509,0.06764646335132911,model.layers.16.mlp.down_proj,4096,506.1506813466549,4096,621,0,1,0.13188400398405417,1.1685477495193481,433.1450568064907,success,1.080993890762329,0.10720080137252808,,0,1.1685477495193481,0.20362313091754913
244,q_proj,0.03071767217798116,4096,4096,1.0,4.897449168685178,2.966055306657921,1.1147013163144235,True,4.033041477203369,dense,2.970713631404018,2.3713615458308963,0.6056326884663145,model.layers.17.self_attn.q_proj,4096,235.15896811912194,4096,37,22,1,0.6407366964059499,4.033041477203369,58.30809562667532,success,2.0082433223724365,1.7324940927210264e-05,,22,4.033041477203369,0.5501424074172974
245,k_proj,0.05027538487884553,1024,4096,4.0,5.4498455729348745,1.465696293179752,0.9817001969256842,True,1.8575594425201416,dense,1.470387827989639,1.9485847115236057,0.2689427202228849,model.layers.17.self_attn.k_proj,1024,88.83512372081168,1024,38,0,1,0.7218602726539276,1.8575594425201416,47.823569834346465,success,1.3629231452941895,0.03808634728193283,,0,1.8575594425201416,0.31566479802131653
246,v_proj,0.03705580502780981,1024,4096,4.0,8.553127908090136,-7.218397572957841,1.0241545263314247,True,0.14323584735393524,dense,-6.864444986349915,1.5244218509180518,-0.8439482783988514,model.layers.17.self_attn.v_proj,1024,33.45198172982782,1024,39,0,1,1.2094684273761533,0.14323584735393524,233.54476095057476,success,0.37846511602401733,0.06122083589434624,under-trained,0,0.14323584735393524,0.07793223112821579
247,o_proj,0.04912506657290361,4096,4096,1.0,3.270402854370775,-1.0460983671695323,1.1369188510071637,True,0.4787752032279968,dense,0.31350341043425267,2.144753031774979,-0.3198683507053144,model.layers.17.self_attn.o_proj,4096,139.55745204846605,4096,383,6,1,0.11601216647656991,0.4787752032279968,291.4884712231172,success,0.6919358372688293,4.194468419882469e-05,,22,0.4787752032279968,0.09769365191459656
250,gate_proj,0.02445140042208105,4096,14336,3.5,3.8800709440854972,3.296433503186126,1.1782966690774124,True,7.07262659072876,dense,3.4901807426452525,2.8094137336168217,0.8495807294995401,model.layers.17.mlp.gate_proj,4096,644.78323018644,4096,568,0,1,0.12084509234242477,7.07262659072876,91.16602183291596,success,2.6594409942626953,0.06832238286733627,,0,7.07262659072876,0.26847919821739197
251,up_proj,0.032017515313716105,4096,14336,3.5,4.750418057213187,1.9131645896392175,1.190151231082342,True,2.527761220932007,dense,2.0715771173097615,2.7265679506041685,0.40273604693258674,model.layers.17.mlp.up_proj,4096,532.8045814977959,4096,622,0,1,0.15037806377294816,2.527761220932007,210.78121504741907,success,1.5898934602737427,0.07411088794469833,,0,2.527761220932007,0.21320496499538422
252,down_proj,0.01764367227010344,4096,14336,3.5,4.325812527686558,0.2508265134785301,1.1899117413276183,True,1.1428353786468506,dense,1.1281304723303123,2.710645794746816,0.05798367633205592,model.layers.17.mlp.down_proj,4096,513.6245748046786,4096,649,0,1,0.13054956121807704,1.1428353786468506,449.43006175817254,success,1.0690348148345947,0.08755362033843994,,0,1.1428353786468506,0.20188358426094055
258,q_proj,0.06966275027075958,4096,4096,1.0,2.291181435515715,1.1471455287428218,1.1052528539623885,True,3.167222738265991,dense,1.8323984021113915,2.3790765775872433,0.5006786066615516,model.layers.18.self_attn.q_proj,4096,239.37377983902107,4096,618,20,1,0.05193893444886535,3.167222738265991,75.57844825592366,success,1.7796692848205566,5.036109723732807e-05,,22,3.167222738265991,0.10281050205230713
259,k_proj,0.06311988458461226,1024,4096,4.0,6.3473924787850216,0.8427124969787878,0.9742590370362192,True,1.3575791120529175,dense,0.8504590123511294,1.9231216418589139,0.1327651472309925,model.layers.18.self_attn.k_proj,1024,83.77638991712593,1024,35,0,1,0.9038743010296859,1.3575791120529175,61.71013473420353,success,1.1651519536972046,0.03863149881362915,under-trained,0,1.3575791120529175,0.3305070400238037
260,v_proj,0.04938932215949976,1024,4096,4.0,6.630928279154863,-5.558406994140083,1.030990748642571,True,0.14512601494789124,dense,-5.090020557815761,1.5113670247762876,-0.8382547299770408,model.layers.18.self_attn.v_proj,1024,32.46138344891369,1024,115,0,1,0.5250867695168265,0.14512601494789124,223.67721914344054,success,0.3809540867805481,0.06422361731529236,under-trained,0,0.14512601494789124,0.054342903196811676
261,o_proj,0.03193423366090953,4096,4096,1.0,4.5854805245255905,-0.9596606862987614,1.1411608920477214,True,0.6176145672798157,dense,-0.5859160034082547,2.119397063191942,-0.20928246912531528,model.layers.18.self_attn.o_proj,4096,131.6427855010646,4096,199,9,1,0.2541679754759621,0.6176145672798157,213.1471511121639,success,0.7858845591545105,5.6069270613079425e-06,,22,0.6176145672798157,0.12853661179542542
264,gate_proj,0.022752886911461045,4096,14336,3.5,3.919344801893027,3.6160070831940976,1.1777890441726304,True,8.36767864227295,dense,3.792511947313604,2.812133601220698,0.9226049929180973,model.layers.18.mlp.gate_proj,4096,648.8340024729259,4096,531,0,1,0.12668877351199404,8.36767864227295,77.54050199717999,success,2.8926939964294434,0.07405044138431549,,0,8.36767864227295,0.27663546800613403
265,up_proj,0.031837646035913325,4096,14336,3.5,4.851963275583632,2.382778585157214,1.1904636081228197,True,3.098102331161499,dense,2.406472150832643,2.725666455563734,0.49109575852479936,model.layers.18.mlp.up_proj,4096,531.6997493272647,4096,617,0,1,0.15507420232787134,3.098102331161499,171.62110624277764,success,1.7601426839828491,0.07780765742063522,,0,3.098102331161499,0.21455302834510803
266,down_proj,0.025109100756155023,4096,14336,3.5,5.119478502408184,0.7302737829088553,1.1933832586765418,True,1.3888205289840698,dense,0.9478326714577205,2.7069783065544275,0.14264612744546873,model.layers.18.mlp.down_proj,4096,509.3054301040247,4096,563,0,1,0.17361531930489701,1.3888205289840698,366.71795921434466,success,1.1784822940826416,0.10204929858446121,,0,1.3888205289840698,0.209603413939476
272,q_proj,0.04557401753226831,4096,4096,1.0,5.221508942996772,2.6795246518213816,1.1180656427912876,True,3.2596468925476074,dense,2.6865266334963316,2.3439163366387454,0.5131705568397488,model.layers.19.self_attn.q_proj,4096,220.75794195203923,4096,31,17,1,0.7582053887156666,3.2596468925476074,67.72449569821467,success,1.8054492473602295,6.913323886692524e-07,,21,3.2596468925476074,0.5769408941268921
273,k_proj,0.06538762078349147,1024,4096,4.0,2.94780138486218,0.5331902616046008,0.9741956577781781,True,1.516621708869934,dense,0.893911864533039,1.9052009794316564,0.18087726817101327,model.layers.19.self_attn.k_proj,1024,80.38980578258634,1024,195,0,1,0.1394849543374413,1.516621708869934,53.00583877471095,success,1.2315119504928589,0.03549611195921898,,0,1.516621708869934,0.12976408004760742
274,v_proj,0.0388276635134393,1024,4096,4.0,5.372819321190772,-4.459928659941543,1.0323485850574936,True,0.14787986874580383,dense,-3.506661081433975,1.59021352628282,-0.8300909435668671,model.layers.19.self_attn.v_proj,1024,38.923647090792656,1024,150,0,1,0.35703920247669657,0.14787986874580383,263.2112634458714,success,0.3845515251159668,0.0688818171620369,,0,0.14787986874580383,0.05940284952521324
275,o_proj,0.026115241086144048,4096,4096,1.0,3.443523548400791,-0.2802963985146664,1.1428404885735957,True,0.8290903568267822,dense,0.3099604378007895,2.1543338566212293,-0.0813981361169547,model.layers.19.self_attn.o_proj,4096,142.67039269424987,4096,469,10,1,0.11283143390357148,0.8290903568267822,172.08063212832337,success,0.9105439782142639,8.372939191758633e-06,,20,0.8290903568267822,0.0862717404961586
278,gate_proj,0.024918182907254338,4096,14336,3.5,4.0586187649196335,3.8953817406148135,1.1782447950414598,True,9.115492820739746,dense,4.064482232506468,2.8227104396839735,0.9597801533576529,model.layers.19.mlp.gate_proj,4096,664.8297416325659,4096,582,0,1,0.12678382682420447,9.115492820739746,72.93404259174362,success,3.0191874504089355,0.06778894364833832,,0,9.115492820739746,0.27313661575317383
279,up_proj,0.03924693941397239,4096,14336,3.5,5.005873758061717,2.17025309290626,1.1904787953530958,True,2.713571786880493,dense,2.223344974565875,2.724095646672078,0.4335413152221772,model.layers.19.mlp.up_proj,4096,529.7801069552079,4096,606,0,1,0.16272749785139595,2.713571786880493,195.2334961310311,success,1.6472922563552856,0.07218245416879654,,0,2.713571786880493,0.21616724133491516
280,down_proj,0.03875774276825694,4096,14336,3.5,4.342209774871256,0.3904312950402017,1.1948884035940004,True,1.2300289869308472,dense,0.8948468590459416,2.705891167566778,0.08991534616767284,model.layers.19.mlp.down_proj,4096,508.03211582265794,4096,54,0,1,0.4548171423209342,1.2300289869308472,413.0245069185672,success,1.1090667247772217,0.08424153923988342,,0,1.2300289869308472,0.3281104564666748
286,q_proj,0.04107203248432578,4096,4096,1.0,4.8715119853923285,2.6613903027918626,1.1194171453431931,True,3.518172264099121,dense,2.66786773680365,2.3371103065827583,0.5463171004756394,model.layers.20.self_attn.q_proj,4096,217.32530939605942,4096,45,17,1,0.5771309316694946,3.518172264099121,61.77221951686005,success,1.8756791353225708,2.1251571524771862e-05,,19,3.518172264099121,0.4859662652015686
287,k_proj,0.060485064870964944,1024,4096,4.0,5.484995875731277,0.9114029097226417,0.9797977222207318,True,1.4660977125167847,dense,0.9223514450119565,1.8840553728382807,0.16616291613913575,model.layers.20.self_attn.k_proj,1024,76.56942272162996,1024,32,0,1,0.792842749330821,1.4660977125167847,52.22668452990534,success,1.2108252048492432,0.045898646116256714,,0,1.4660977125167847,0.30513206124305725
288,v_proj,0.06967349629691055,1024,4096,4.0,8.786284531784904,-5.966348763058829,1.027250221905831,True,0.2093859165906906,dense,-5.906735213841958,1.612201678352848,-0.6790525325551671,model.layers.20.self_attn.v_proj,1024,40.945075697265565,1024,88,0,1,0.8300207199625752,0.2093859165906906,195.54837480930178,success,0.4575870633125305,0.06867467612028122,under-trained,0,0.2093859165906906,0.07765280455350876
289,o_proj,0.036735205358646716,4096,4096,1.0,4.036747514744135,-0.9299258403407188,1.1454754181511762,True,0.5883488059043884,dense,-0.12029216601925374,2.169535131674753,-0.2303651236407985,model.layers.20.self_attn.o_proj,4096,147.75259992568917,4096,230,7,1,0.20023720138554676,0.5883488059043884,251.13095912308216,success,0.7670390009880066,2.644094274728559e-05,,20,0.5883488059043884,0.12885679304599762
292,gate_proj,0.02436991132936761,4096,14336,3.5,4.160025297584848,3.9493063167149063,1.1795934736853892,True,8.899112701416016,dense,4.124533500071968,2.8282003005913237,0.9493467068596247,model.layers.20.mlp.gate_proj,4096,673.2871108665131,4096,576,0,1,0.13166772073270203,8.899112701416016,75.65777998961407,success,2.983138084411621,0.0713384598493576,,0,8.899112701416016,0.27719879150390625
293,up_proj,0.04838540112772538,4096,14336,3.5,5.056319648237313,1.9616461999319013,1.1905446268721482,True,2.4432015419006348,dense,2.069668141495793,2.714652370255462,0.38795929379499416,model.layers.20.mlp.up_proj,4096,518.3849331163801,4096,627,0,1,0.1619938028658735,2.4432015419006348,212.17444579423193,success,1.5630743503570557,0.07042907923460007,,0,2.4432015419006348,0.21005281805992126
294,down_proj,0.04440164601304142,4096,14336,3.5,4.655158190123016,0.24506264603281783,1.1954343604189424,True,1.1288682222366333,dense,0.6164539132104848,2.7001249695861893,0.05264324777464584,model.layers.20.mlp.down_proj,4096,501.33147256216034,4096,38,0,1,0.5929449560595016,1.1288682222366333,444.1009700573104,success,1.0624821186065674,0.07903221994638443,,0,1.1288682222366333,0.3218623101711273
300,q_proj,0.03988267614972274,4096,4096,1.0,4.4533195751722205,2.4849291879855993,1.1291411821103177,True,3.6140553951263428,dense,2.492493832081347,2.335818886907278,0.5579948050077904,model.layers.21.self_attn.q_proj,4096,216.6800299315152,4096,59,17,1,0.44958391476043275,3.6140553951263428,59.9548170245853,success,1.9010668992996216,2.57340998359723e-05,,18,3.6140553951263428,0.3732892572879791
301,k_proj,0.057792692807783264,1024,4096,4.0,3.2618358877883575,0.4663808403565819,0.9885729343742345,True,1.3898921012878418,dense,0.6781243120820706,1.8851877537103054,0.14298108684824268,model.layers.21.self_attn.k_proj,1024,76.76933059527073,1024,201,0,1,0.15953760272431583,1.3898921012878418,55.234021780638976,success,1.1789368391036987,0.036709293723106384,,0,1.3898921012878418,0.12208924442529678
302,v_proj,0.040882862392635555,1024,4096,4.0,8.52431049002988,-5.389178160236027,1.0212557227401637,True,0.23323149979114532,dense,-5.305609986551198,1.62393458936481,-0.6322127949866755,model.layers.21.self_attn.v_proj,1024,42.066326602362096,1024,30,0,1,1.3737448616873718,0.23323149979114532,180.36297258317057,success,0.4829404652118683,0.06503424793481827,under-trained,0,0.23323149979114532,0.10949314385652542
303,o_proj,0.028823524832206293,4096,4096,1.0,4.611985219808,-1.0688627901747674,1.1529583598268105,True,0.5864653587341309,dense,-0.41017144494131846,2.1763869763459267,-0.23175763564551596,model.layers.21.self_attn.o_proj,4096,150.10217191484648,4096,238,6,1,0.23413022688949287,0.5864653587341309,255.94379903160493,success,0.7658102512359619,2.132721056113951e-05,,17,0.5864653587341309,0.12121125310659409
306,gate_proj,0.021560233980519317,4096,14336,3.5,4.247538191804825,4.122085646577189,1.1803385753887856,True,9.342533111572266,dense,4.23549827514793,2.844649562587666,0.9704646457400471,model.layers.21.mlp.gate_proj,4096,699.2775128991343,4096,537,0,1,0.1401416170357097,9.342533111572266,74.84881290203445,success,3.05655574798584,0.07425406575202942,,0,9.342533111572266,0.2966534495353699
307,up_proj,0.059879134144053214,4096,14336,3.5,5.22994972795826,1.5486302343156875,1.191147266097093,True,1.977461576461792,dense,1.7628181141692396,2.69934623484064,0.2961080535893149,model.layers.21.mlp.up_proj,4096,500.43333905003965,4096,623,0,1,0.16946935735865062,1.977461576461792,253.0685526367844,success,1.4062224626541138,0.07109913229942322,,0,1.977461576461792,0.20445647835731506
308,down_proj,0.05030302439539891,4096,14336,3.5,6.760263036973688,0.13712319824397198,1.1948893249597232,True,1.047812819480896,dense,0.24703003733224352,2.689298534725779,0.020283707526468794,model.layers.21.mlp.down_proj,4096,488.9883752367459,4096,452,0,1,0.27093998231299127,1.047812819480896,466.6753127519464,success,1.0236272811889648,0.07710538059473038,under-trained,0,1.047812819480896,0.21811464428901672
314,q_proj,0.0275740642744301,4096,4096,1.0,3.5917617848951373,1.8752735749627731,1.1378670811756912,True,3.327393054962158,dense,1.9131801988637631,2.309104169625929,0.5221041058037545,model.layers.22.self_attn.q_proj,4096,203.75307400556886,4096,252,14,1,0.16326564619889078,3.327393054962158,61.23504817133367,success,1.8241143226623535,5.5088648878154345e-06,,16,3.327393054962158,0.16614775359630585
315,k_proj,0.05867400248607546,1024,4096,4.0,5.277410079113832,0.11090500582646796,0.9940146922698161,True,1.0495787858963013,dense,0.16053048212618468,1.8548756067271628,0.02101504415307647,model.layers.22.self_attn.k_proj,1024,71.59383174253162,1024,34,0,1,0.7335697766423289,1.0495787858963013,68.21196531844262,success,1.0244895219802856,0.038758061826229095,,0,1.0495787858963013,0.2444196492433548
316,v_proj,0.05702000276896024,1024,4096,4.0,9.32486573815252,-6.256023726833176,1.0231893097404974,True,0.21335512399673462,dense,-5.977144345388579,1.646646034379205,-0.6708969225408542,model.layers.22.self_attn.v_proj,1024,44.324723423458636,1024,48,0,1,1.2015908687224626,0.21335512399673462,207.750920592547,success,0.46190381050109863,0.08298938721418381,under-trained,0,0.21335512399673462,0.10416458547115326
317,o_proj,0.02327962259461902,4096,4096,1.0,4.301891867430818,-0.29959022363016136,1.1537482533229169,True,0.8518409132957458,dense,0.07708000854687388,2.1889378413888956,-0.06964150491515796,model.layers.22.self_attn.o_proj,4096,154.5033290063965,4096,336,7,1,0.18013296927453357,0.8518409132957458,181.3758022124436,success,0.9229522943496704,9.532413059787359e-06,,16,0.8518409132957458,0.10624676197767258
320,gate_proj,0.02586240726868172,4096,14336,3.5,4.419189802733688,4.015370151075633,1.1824126996190831,True,8.102542877197266,dense,4.1276979667141305,2.8424371691569195,0.9086213379184903,model.layers.22.mlp.gate_proj,4096,695.7242946461774,4096,524,0,1,0.14936800005712383,8.102542877197266,85.86493218124555,success,2.84649658203125,0.07385033369064331,,0,8.102542877197266,0.2985176146030426
321,up_proj,0.06172933239846945,4096,14336,3.5,5.453851978466031,2.3452528209688905,1.1914450456777876,True,2.6916444301605225,dense,2.372318504773122,2.700891482726933,0.4300176884574202,model.layers.22.mlp.up_proj,4096,502.21708473190665,4096,592,0,1,0.18305218871694437,2.6916444301605225,186.58374007519106,success,1.6406232118606567,0.07444053888320923,,0,2.6916444301605225,0.2090543955564499
322,down_proj,0.035195424699088096,4096,14336,3.5,4.867021234812415,0.2040956578264108,1.1939567023633038,True,1.1013729572296143,dense,0.593904116708279,2.692153221289462,0.0419344087440122,model.layers.22.mlp.down_proj,4096,492.21316034393385,4096,61,0,1,0.49512133353963633,1.1013729572296143,446.908703462307,success,1.049463152885437,0.07863761484622955,,0,1.1013729572296143,0.3121211528778076
328,q_proj,0.01873600938239023,4096,4096,1.0,3.8244617876163662,2.213540031003339,1.1342983541099696,True,3.7912700176239014,dense,2.255789210056923,2.3181899204379195,0.5787847163673584,model.layers.23.self_attn.q_proj,4096,208.06063539262797,4096,97,17,1,0.2867806444622724,3.7912700176239014,54.87887552863502,success,1.9471184015274048,1.5601770428474993e-05,,18,3.7912700176239014,0.25938162207603455
329,k_proj,0.019052119525659772,1024,4096,4.0,4.897770104261837,0.6403043246323952,0.9950428529357214,True,1.3512442111968994,dense,0.6567702684948536,1.870382180878985,0.13073384642436134,model.layers.23.self_attn.k_proj,1024,74.19628843967803,1024,60,0,1,0.5031999567050414,1.3512442111968994,54.909606882945866,success,1.1624302864074707,0.04105847328901291,,0,1.3512442111968994,0.1981125921010971
330,v_proj,0.07129294772895123,1024,4096,4.0,7.4316487968433185,-4.080073018059812,1.0268501356817878,True,0.2824794352054596,dense,-3.953500835290792,1.6769422323774918,-0.5490131637804079,model.layers.23.self_attn.v_proj,1024,47.527200349606574,1024,88,0,1,0.6856160654173477,0.2824794352054596,168.25012523491478,success,0.5314879417419434,0.08718745410442352,under-trained,0,0.2824794352054596,0.09205739200115204
331,o_proj,0.03407832585889414,4096,4096,1.0,3.947900128680782,-0.09756008366645601,1.1488963620825576,True,0.9446873664855957,dense,0.44819492941940287,2.198062054584113,-0.02471189252172303,model.layers.23.self_attn.o_proj,4096,157.78367043059848,4096,289,8,1,0.17340588992239894,0.9446873664855957,167.02210279108704,success,0.9719502925872803,2.9606762836920097e-05,,16,0.9446873664855957,0.11712685227394104
334,gate_proj,0.02725062567863168,4096,14336,3.5,4.504644177484976,4.076308664538341,1.1834502019741173,True,8.033641815185547,dense,4.173914771335119,2.8447841866133166,0.9049124645432522,model.layers.23.mlp.gate_proj,4096,699.4943108325824,4096,536,0,1,0.15137757239134134,8.033641815185547,87.0706370690273,success,2.8343679904937744,0.07580383121967316,,0,8.033641815185547,0.2970152795314789
335,up_proj,0.06973406786904046,4096,14336,3.5,2.782712450572261,1.2391174393285742,1.191465547736022,True,2.787990093231201,dense,1.7289227818241868,2.7012951745678477,0.44529122621841555,model.layers.23.mlp.up_proj,4096,502.6841300306842,4096,26,0,1,0.3496186758689528,2.787990093231201,180.30341329085843,success,1.6697275638580322,0.07563842833042145,,0,2.787990093231201,0.3624088764190674
336,down_proj,0.04115820461471065,4096,14336,3.5,5.2465397012936785,0.42544006240553256,1.1925973892141304,True,1.2052847146987915,dense,0.7424453085744813,2.6938805671068313,0.08108964891671908,model.layers.23.mlp.down_proj,4096,494.17476806323975,4096,598,0,1,0.17365392213638647,1.2052847146987915,410.0066665051313,success,1.0978546142578125,0.07206147164106369,,0,1.2052847146987915,0.20397606492042542
342,q_proj,0.028400350611096636,4096,4096,1.0,3.3348441756375924,1.856767817777806,1.1370767634643342,True,3.6039435863494873,dense,1.9258510637632835,2.311447699007952,0.5567779842135528,model.layers.24.self_attn.q_proj,4096,204.85553327361723,4096,361,15,1,0.12288653555987328,3.6039435863494873,56.8420477083882,success,1.8984055519104004,6.217490590643138e-05,,17,3.6039435863494873,0.13799948990345
343,k_proj,0.03435636644281859,1024,4096,4.0,4.9987697480031414,0.2648800385299188,1.0003096173284423,True,1.1297674179077148,dense,0.2913985470039303,1.8555026246866668,0.0529890456818361,model.layers.24.self_attn.k_proj,1024,71.6972708638059,1024,42,0,1,0.6170235678439548,1.1297674179077148,63.46197432086194,success,1.062905192375183,0.04372017830610275,,0,1.1297674179077148,0.20833918452262878
344,v_proj,0.02688466806526779,1024,4096,4.0,6.867365581027043,-4.4820695072643675,1.0303316733399357,True,0.22250401973724365,dense,-4.155928857676273,1.6812831405234998,-0.6526621386878395,model.layers.24.self_attn.v_proj,1024,48.0046315304935,1024,86,0,1,0.6326943020005498,0.22250401973724365,215.74725520546755,success,0.47170332074165344,0.09035719186067581,under-trained,0,0.22250401973724365,0.08771004527807236
345,o_proj,0.03244570920640011,4096,4096,1.0,4.270166581186334,-0.4170285685033548,1.1545020788942364,True,0.7986178994178772,dense,0.033346603242941815,2.2018434793724175,-0.09766096019314924,model.layers.24.self_attn.o_proj,4096,159.1634995133207,4096,352,7,1,0.17430046442777597,0.7986178994178772,199.29868793241047,success,0.8936542272567749,4.199198156129569e-05,,15,0.7986178994178772,0.10748914629220963
348,gate_proj,0.031070856723778295,4096,14336,3.5,4.694683967929957,4.473475839634099,1.1842081315673003,True,8.971832275390625,dense,4.549188153856111,2.8502557441477174,0.9528811460351833,model.layers.24.mlp.gate_proj,4096,708.3627970744856,4096,529,0,1,0.160638433388259,8.971832275390625,78.95408377366753,success,2.9953017234802246,0.07809922099113464,,0,8.971832275390625,0.30227234959602356
349,up_proj,0.07523861502251705,4096,14336,3.5,5.424703468173364,2.4606377390460072,1.1920208241313446,True,2.8418331146240234,dense,2.4871607478943702,2.6992295853808455,0.4535985705914662,model.layers.24.mlp.up_proj,4096,500.29894305346534,4096,675,0,1,0.17030691589561084,2.8418331146240234,176.04796723598432,success,1.6857737302780151,0.07609639316797256,,0,2.8418331146240234,0.19831004738807678
350,down_proj,0.0419893897283895,4096,14336,3.5,4.577842545049691,0.38494824404581324,1.190335610216921,True,1.2136387825012207,dense,1.0641513638333815,2.6934966796514797,0.08408944612175051,model.layers.24.mlp.down_proj,4096,493.7381434170529,4096,716,0,1,0.1337102537255519,1.2136387825012207,406.82462569257615,success,1.10165274143219,0.07259643077850342,,0,1.2136387825012207,0.1906021535396576
356,q_proj,0.02569412518309777,4096,4096,1.0,3.917372275922787,1.9942170082488848,1.1395984198658449,True,3.2290151119232178,dense,2.010693220304075,2.2905164652741874,0.5090700775379132,model.layers.25.self_attn.q_proj,4096,195.21647444666732,4096,82,14,1,0.32216987255860163,3.2290151119232178,60.45697145418294,success,1.7969460487365723,2.9828022888978012e-05,,16,3.2290151119232178,0.25339004397392273
357,k_proj,0.04759578493681271,1024,4096,4.0,5.056911987675169,0.09445047671438359,0.9967882126765751,True,1.0439447164535522,dense,0.127689332740082,1.8217758755076017,0.018677500606018183,model.layers.25.self_attn.k_proj,1024,66.34006237296853,1024,35,0,1,0.6857432854885583,1.0439447164535522,63.54748611433791,success,1.0217361450195312,0.04259590804576874,,0,1.0439447164535522,0.21556586027145386
358,v_proj,0.02679144785634502,1024,4096,4.0,6.2598238370203205,-3.495052275953626,1.0268347084408491,True,0.2764835059642792,dense,-3.2200960996072663,1.7094637592054363,-0.5583307720712589,model.layers.25.self_attn.v_proj,1024,51.22285242844373,1024,89,0,1,0.5575402116448458,0.2764835059642792,185.2654907922846,success,0.5258169770240784,0.09145179390907288,under-trained,0,0.2764835059642792,0.09641171246767044
359,o_proj,0.025827922049276864,4096,4096,1.0,4.45822080471543,-0.5834913973423428,1.1533136692554042,True,0.7398098707199097,dense,-0.03900320263288408,2.2264446378925644,-0.13087987852131233,model.layers.25.self_attn.o_proj,4096,168.43976928691606,4096,240,6,1,0.22322719306951452,0.7398098707199097,227.67980795255835,success,0.86012202501297,5.150911238160916e-05,,16,0.7398098707199097,0.13452084362506866
362,gate_proj,0.03815861404311138,4096,14336,3.5,4.837881133718128,4.611965348442705,1.1849903047319001,True,8.980545997619629,dense,4.6753109690448875,2.8489239014408048,0.9533027416277595,model.layers.25.mlp.gate_proj,4096,706.1938017364591,4096,533,0,1,0.16623708513393312,8.980545997619629,78.63595397469618,success,2.996755838394165,0.07063961774110794,,0,8.980545997619629,0.29988107085227966
363,up_proj,0.08060916203060331,4096,14336,3.5,5.253266075205846,2.3375813477734506,1.1917535687829834,True,2.7859721183776855,dense,2.4488390000981526,2.7048176086253104,0.4449767657507913,model.layers.25.mlp.up_proj,4096,506.7778312494047,4096,741,0,1,0.15624763342443979,2.7859721183776855,181.90341098765526,success,1.6691231727600098,0.07290015369653702,,0,2.7859721183776855,0.19338089227676392
364,down_proj,0.03465059392992975,4096,14336,3.5,4.12033671219646,0.37839107988227305,1.1878373477555764,True,1.2354779243469238,dense,1.3142673268033145,2.6994275010248105,0.09183498978668692,model.layers.25.mlp.down_proj,4096,500.5269900513813,4096,765,0,1,0.11281601192085641,1.2354779243469238,405.128234335681,success,1.111520528793335,0.06960220634937286,,0,1.2354779243469238,0.18605870008468628
370,q_proj,0.027614642898052377,4096,4096,1.0,3.3002465841106527,1.8163720746877494,1.1361247319002388,True,3.5511960983276367,dense,1.9310744462294032,2.280629104059714,0.5503746548615014,model.layers.26.self_attn.q_proj,4096,190.82229029884417,4096,353,16,1,0.12242977229278063,3.5511960983276367,53.73465306202269,success,1.884461760520935,1.686320683802478e-05,,17,3.5511960983276367,0.12753750383853912
371,k_proj,0.030138046124008167,1024,4096,4.0,4.670329445048223,0.34812922928182516,0.9936542216241053,True,1.1872457265853882,dense,0.3717530904245464,1.7923624212372213,0.07454061504182187,model.layers.26.self_attn.k_proj,1024,61.995821795775555,1024,43,0,1,0.5597199930195162,1.1872457265853882,52.21818904674469,success,1.089608073234558,0.043873753398656845,,0,1.1872457265853882,0.18720683455467224
372,v_proj,0.026141310914924054,1024,4096,4.0,7.503320169111231,-3.9260928776117012,1.0245198232646016,True,0.29974544048309326,dense,-3.7567918496111767,1.7346647246913756,-0.523247414361201,model.layers.26.self_attn.v_proj,1024,54.2831104118377,1024,44,0,1,0.9804124042042083,0.29974544048309326,181.09736823469535,success,0.547490119934082,0.09151677787303925,under-trained,0,0.29974544048309326,0.1276717334985733
373,o_proj,0.03411871833924751,4096,4096,1.0,4.046213410530109,0.0023107236702105288,1.1489600082532812,True,1.0013158321380615,dense,0.5402903267639175,2.2340236336567307,0.0005710829943366216,model.layers.26.self_attn.o_proj,4096,171.40505810417807,4096,361,8,1,0.16032702160684786,1.0013158321380615,171.17981420326203,success,1.0006576776504517,2.6209720090264454e-05,,15,1.0013158321380615,0.11781870573759079
376,gate_proj,0.03952988388927714,4096,14336,3.5,4.681358839579993,4.372266901149385,1.1849241929903362,True,8.589618682861328,dense,4.4472111305842486,2.8452820191323185,0.9339738847154174,model.layers.26.mlp.gate_proj,4096,700.2966021222528,4096,614,0,1,0.14856755176040642,8.589618682861328,81.5282526475289,success,2.930805206298828,0.05617007240653038,,0,8.589618682861328,0.28222471475601196
377,up_proj,0.0812209125675557,4096,14336,3.5,5.394543986983889,2.8747192221365685,1.1920583746630937,True,3.411095142364502,dense,2.888656360711208,2.7138996874824843,0.5328938329306006,model.layers.26.mlp.up_proj,4096,517.4872899104375,4096,703,0,1,0.165743365580794,3.411095142364502,151.70708183522723,success,1.8469150066375732,0.05664903298020363,,0,3.411095142364502,0.20104724168777466
378,down_proj,0.03152875269714284,4096,14336,3.5,3.7303207198296957,0.8244370252298348,1.185085658215446,True,1.663449764251709,dense,1.5265420634282743,2.710066829585331,0.22100968982299024,model.layers.26.mlp.down_proj,4096,512.9403095874004,4096,837,0,1,0.09437368991949992,1.663449764251709,308.3593629400302,success,1.289747953414917,0.07106149196624756,,0,1.663449764251709,0.1799733191728592
384,q_proj,0.017993442725289466,4096,4096,1.0,3.9216162112322146,2.1565977278442916,1.142872598917882,True,3.547527313232422,dense,2.164419676505434,2.2897218593309376,0.5499257478759414,model.layers.27.self_attn.q_proj,4096,194.8596236089494,4096,118,15,1,0.26895657273006435,3.547527313232422,54.92829410561972,success,1.8834880590438843,2.793310886772815e-05,,16,3.547527313232422,0.20461417734622955
385,k_proj,0.024997772330738077,1024,4096,4.0,4.891400203746872,0.5851261342998829,1.0059034443769335,True,1.317114233970642,dense,0.5910878251316648,1.8297478967298575,0.1196234431710718,model.layers.27.self_attn.k_proj,1024,67.5690630392055,1024,110,0,1,0.3710304514055318,1.317114233970642,51.30083731272742,success,1.147655963897705,0.03114459104835987,,0,1.317114233970642,0.13529200851917267
386,v_proj,0.03767124702448332,1024,4096,4.0,5.9073623919342095,-2.4301084664033423,1.0270048997673817,True,0.387820303440094,dense,-2.329056781821661,1.7115977352974179,-0.4113694581733063,model.layers.27.self_attn.v_proj,1024,51.47516356641427,1024,128,0,1,0.43375365313456443,0.387820303440094,132.72941903714838,success,0.6227521896362305,0.08204107731580734,,0,0.387820303440094,0.08733072131872177
387,o_proj,0.01834056737908174,4096,4096,1.0,3.7732709854386157,0.1539968323265086,1.1459148857687211,True,1.0985316038131714,dense,0.7049316925487306,2.2210406196291568,0.04081255571645819,model.layers.27.self_attn.o_proj,4096,166.35682368850627,4096,330,9,1,0.15266354329220955,1.0985316038131714,151.43562835248096,success,1.0481085777282715,3.2577994716120884e-05,,17,1.0985316038131714,0.11709301173686981
390,gate_proj,0.03348117849408605,4096,14336,3.5,4.788911850072422,4.5298530607603515,1.185145769484734,True,8.828856468200684,dense,4.589115071170061,2.8465283584023715,0.9459044564981598,model.layers.27.mlp.gate_proj,4096,702.3092013681307,4096,581,0,1,0.1571905506198254,8.828856468200684,79.54701765711918,success,2.971339225769043,0.08183972537517548,,0,8.828856468200684,0.2850765287876129
391,up_proj,0.06561305479923663,4096,14336,3.5,2.6171030003909683,1.4889566293128293,1.192100418421632,True,3.7062366008758545,dense,1.8964224282449438,2.7209877204368853,0.5689331406102069,model.layers.27.mlp.up_proj,4096,526.0023936000653,4096,30,0,1,0.2952412637078063,3.7062366008758545,141.92358725175853,success,1.9251588582992554,0.08349812030792236,,0,3.7062366008758545,0.3311424255371094
392,down_proj,0.04154213728282963,4096,14336,3.5,3.4838760555854194,0.6715984710495813,1.183424026775547,True,1.5587388277053833,dense,1.6824542131150768,2.717372918973297,0.1927733536825632,model.layers.27.mlp.down_proj,4096,521.6424415651709,4096,1068,0,1,0.07600537298367915,1.5587388277053833,334.65673164315785,success,1.2484946250915527,0.07608552277088165,,0,1.5587388277053833,0.15907754004001617
398,q_proj,0.02748823154037411,4096,4096,1.0,3.146779497911767,1.861441172921311,1.1300143126453956,True,3.9042577743530273,dense,1.91607732459708,2.2618775078195266,0.5915384837598507,model.layers.28.self_attn.q_proj,4096,182.75846756175855,4096,362,19,1,0.11283222538211495,3.9042577743530273,46.810041273989235,success,1.975919485092163,6.65866828057915e-05,,19,3.9042577743530273,0.12312043458223343
399,k_proj,0.03674835977408686,1024,4096,4.0,4.804851527256579,0.3153860827339138,0.9869841046337884,True,1.1631590127944946,dense,0.3287821845879318,1.7413449603056135,0.06563909018724444,model.layers.28.self_attn.k_proj,1024,55.12453770125285,1024,44,0,1,0.5736029499509443,1.1631590127944946,47.392090930728294,success,1.0784984827041626,0.03900492191314697,,0,1.1631590127944946,0.176756352186203
400,v_proj,0.059490207116655425,1024,4096,4.0,3.183595110228138,-1.33980216968222,1.0172273060656767,True,0.3794498145580292,dense,-0.11167947820763702,1.8362650212481277,-0.4208456550827561,model.layers.28.self_attn.v_proj,1024,68.59066623169929,1024,362,0,1,0.11476721100616347,0.3794498145580292,180.7634727970324,success,0.6159949898719788,0.08141253143548965,,0,0.3794498145580292,0.07198803871870041
401,o_proj,0.024600238040285827,4096,4096,1.0,4.440983817462671,-0.04267699456375443,1.1449650310597326,True,0.9781156182289124,dense,0.3804052227502481,2.272884279928103,-0.009609806366765297,model.layers.28.self_attn.o_proj,4096,187.44949723747416,4096,90,9,1,0.36271154183210375,0.9781156182289124,191.64349668282733,success,0.9889972805976868,2.6472485842532478e-05,,17,0.9781156182289124,0.20986305177211761
404,gate_proj,0.03788917653925872,4096,14336,3.5,4.384052149969037,4.177830528971408,1.1842062008744667,True,8.973481178283691,dense,4.2601573189743,2.841813258621716,0.9529609562242354,model.layers.28.mlp.gate_proj,4096,694.7255297745578,4096,750,0,1,0.12356811322079311,8.973481178283691,77.41984587384337,success,2.995576858520508,0.08546251058578491,,0,8.973481178283691,0.25355425477027893
405,up_proj,0.05605938968158197,4096,14336,3.5,2.6616022605134164,1.6768520743883661,1.191156694355708,True,4.2659525871276855,dense,2.0214268710784498,2.7334469019233087,0.6300160242818946,model.layers.28.mlp.up_proj,4096,541.3110616090707,4096,26,0,1,0.3258670134687613,4.2659525871276855,126.89101684872256,success,2.065418243408203,0.08437328040599823,,0,4.2659525871276855,0.3940497636795044
406,down_proj,0.028624564667394048,4096,14336,3.5,4.084321456685972,0.6151690156108233,1.1889267603206786,True,1.4145463705062866,dense,1.322299613214575,2.72664995968653,0.15061718871412558,model.layers.28.mlp.down_proj,4096,532.9052020269446,4096,759,0,1,0.11195377627087408,1.4145463705062866,376.73222535377903,success,1.1893470287322998,0.0732661709189415,,0,1.4145463705062866,0.19680067896842957
412,q_proj,0.022783079039445764,4096,4096,1.0,3.0511249781179903,1.768042417938004,1.127161819365255,True,3.7972772121429443,dense,1.819755778700766,2.228384403773587,0.5794723030416724,model.layers.29.self_attn.q_proj,4096,169.1937841151968,4096,397,21,1,0.10294301174510322,3.7972772121429443,44.55660586858089,success,1.9486603736877441,2.3792166757630184e-05,,22,3.7972772121429443,0.10791934281587601
413,k_proj,0.03526140724282245,1024,4096,4.0,3.795786990419751,0.14984093313403138,0.9851837467344764,True,1.0951550006866455,dense,0.21965866909910986,1.694229888241067,0.03947559057244712,model.layers.29.self_attn.k_proj,1024,49.457241330470424,1024,79,0,1,0.31455061164876436,1.0951550006866455,45.16003789368764,success,1.0464965105056763,0.028043191879987717,,0,1.0951550006866455,0.12542319297790527
414,v_proj,0.07299893434227217,1024,4096,4.0,10.235383060611326,-4.148476702757348,1.0273972179406827,True,0.3932715952396393,dense,-4.109260292383858,1.9358740857765036,-0.405307420170904,model.layers.29.self_attn.v_proj,1024,86.27283822046593,1024,46,0,1,1.361682944296335,0.3932715952396393,219.3721572184631,success,0.6271136999130249,0.0804775282740593,under-trained,0,0.3932715952396393,0.1850956380367279
415,o_proj,0.04506722653957873,4096,4096,1.0,5.078708186419805,-0.23899283725046616,1.1462820176777033,True,0.8973093628883362,dense,0.18715340376184536,2.311592802813294,-0.04705780062133128,model.layers.29.self_attn.o_proj,4096,204.92398978189811,4096,280,8,1,0.2437494356767675,0.8973093628883362,228.37607435887134,success,0.9472641348838806,2.2628413717029616e-05,,17,0.8973093628883362,0.17213711142539978
418,gate_proj,0.03778251098349489,4096,14336,3.5,3.3934383180877847,3.1032362722352413,1.1824836287301261,True,8.212614059448242,dense,3.2827841097227797,2.8371842035363177,0.9144814142323726,model.layers.29.mlp.gate_proj,4096,687.3599179983139,4096,135,0,1,0.2059943721361929,8.212614059448242,83.6956312597616,success,2.8657658100128174,0.09013046324253082,,0,8.212614059448242,0.4051222503185272
419,up_proj,0.055665037626606795,4096,14336,3.5,4.841248517182216,3.1142547156624216,1.1888938648397873,True,4.3982014656066895,dense,3.237948508139681,2.7457130737002706,0.6432751189304844,model.layers.29.mlp.up_proj,4096,556.817753361538,4096,733,0,1,0.14187975122372118,4.3982014656066895,126.60123864624524,success,2.097188949584961,0.08879195153713226,,0,4.3982014656066895,0.20917269587516785
420,down_proj,0.030271509542516006,4096,14336,3.5,5.6624121983344375,2.0519119765432583,1.1925737809836245,True,2.3034255504608154,dense,2.066851837209417,2.7305559001335675,0.362374179885176,model.layers.29.mlp.down_proj,4096,537.719641151838,4096,382,0,1,0.2385497605085472,2.3034255504608154,233.44346468860851,success,1.5177040100097656,0.07617882639169693,,0,2.3034255504608154,0.2524934411048889
426,q_proj,0.026034825053793398,4096,4096,1.0,3.6943897148709963,2.3312422867323495,1.1179339188626198,True,4.275848388671875,dense,2.3479298017479535,2.2287491267835806,0.6310222977690791,model.layers.30.self_attn.q_proj,4096,169.33593371131906,4096,53,22,1,0.37010289073222746,4.275848388671875,39.60288539695315,success,2.067812442779541,8.119067018697024e-08,,21,4.275848388671875,0.32525649666786194
427,k_proj,0.03893083958971255,1024,4096,4.0,4.665432387122413,0.22733155204189495,0.9746382272037026,True,1.1187338829040527,dense,0.24558617946133127,1.672318406119211,0.04872679168374156,model.layers.30.self_attn.k_proj,1024,47.023874116595834,1024,29,0,1,0.680653706691815,1.1187338829040527,42.03311872036041,success,1.0577021837234497,0.031999371945858,,0,1.1187338829040527,0.19705355167388916
428,v_proj,0.03685955582545364,1024,4096,4.0,9.248365396640704,-2.647336333187406,1.0136412856866985,True,0.5173100233078003,dense,-2.459027858662207,1.957045600593174,-0.2862491066960872,model.layers.30.self_attn.v_proj,1024,90.58277071313933,1024,22,0,1,1.758557411326627,0.5173100233078003,175.1034517636679,success,0.7192426919937134,0.07997563481330872,under-trained,0,0.5173100233078003,0.2944430708885193
429,o_proj,0.016465158435434724,4096,4096,1.0,4.340917572251753,1.153777226068326,1.1397950730925883,True,1.844128131866455,dense,1.3310137157094912,2.3268968894920365,0.26579109298079345,model.layers.30.self_attn.o_proj,4096,212.27404196117777,4096,280,12,1,0.19965801318916504,1.844128131866455,115.10807643627979,success,1.3579868078231812,1.8174236174672842e-05,,17,1.844128131866455,0.17949236929416656
432,gate_proj,0.0296961606617977,4096,14336,3.5,3.382978513533941,3.0268872591005938,1.1824158097593154,True,7.847662448883057,dense,3.2473763218269283,2.8417388988216814,0.8947403144865481,model.layers.30.mlp.gate_proj,4096,694.606589213945,4096,145,0,1,0.19789559413757812,7.847662448883057,88.51127246340813,success,2.801367998123169,0.09102768450975418,,0,7.847662448883057,0.4000164270401001
433,up_proj,0.05197653540541769,4096,14336,3.5,4.510979337834135,3.8037456690030047,1.1852041992521503,True,6.969786643981934,dense,3.8784959202937217,2.758416888133049,0.8432194838713902,model.layers.30.mlp.up_proj,4096,573.3461335664615,4096,767,0,1,0.12677411622997325,6.969786643981934,82.26164771650758,success,2.640035390853882,0.09016839414834976,,0,6.969786643981934,0.2096821367740631
434,down_proj,0.030546139386739724,4096,14336,3.5,5.607769835925429,1.7883235031583309,1.1922080241027344,True,2.0840158462524414,dense,1.8424141017246343,2.7302446163107628,0.3189010168894014,model.layers.30.mlp.down_proj,4096,537.3343646628782,4096,359,0,1,0.24318879068178884,2.0840158462524414,257.8360263570614,success,1.4436120986938477,0.08862699568271637,,0,2.0840158462524414,0.25917330384254456
440,q_proj,0.023739114290906832,4096,4096,1.0,3.6439997346435367,2.4522870934366208,1.1072617505303328,True,4.709402084350586,dense,2.4736550700870423,2.218443396303835,0.6729657716828864,model.layers.31.self_attn.q_proj,4096,165.36492426373553,4096,52,23,1,0.3666567929065559,4.709402084350586,35.113783300271955,success,2.1701157093048096,1.168056201095169e-06,,21,4.709402084350586,0.35847070813179016
441,k_proj,0.04962451922469796,1024,4096,4.0,3.7584044190963173,0.2814139463588295,0.9709689760332386,True,1.1881626844406128,dense,0.345749406748047,1.6646774593350155,0.07487590875770989,model.layers.31.self_attn.k_proj,1024,46.2037748984294,1024,63,0,1,0.347526290870021,1.1881626844406128,38.886741271614795,success,1.0900287628173828,0.031731873750686646,,0,1.1881626844406128,0.14245720207691193
442,v_proj,0.04701099361925043,1024,4096,4.0,2.7866475914869824,-0.30911874849814963,1.0088501962289915,True,0.7745892405509949,dense,0.7164962313341348,1.9780117689567374,-0.1109285398851603,model.layers.31.self_attn.v_proj,1024,95.06305544677707,1024,438,0,1,0.08536932410471824,0.7745892405509949,122.72705386296754,success,0.8801075220108032,0.0036789425648748875,,0,0.7745892405509949,0.08156730979681015
443,o_proj,0.05641586746942029,4096,4096,1.0,4.183323159997949,3.9346567107538806,1.1201380236134708,True,8.720827102661133,dense,3.9354721334778326,2.352843344789095,0.9405576763416503,model.layers.31.self_attn.o_proj,4096,225.342622775826,4096,185,28,1,0.23404257340803578,8.720827102661133,25.839592979324564,success,2.9531047344207764,2.4993702027131803e-05,,19,8.720827102661133,0.22697068750858307
446,gate_proj,0.02456786398819455,4096,14336,3.5,3.289638620471318,2.853801029393789,1.1840970030872011,True,7.370755672454834,dense,3.1230209336853147,2.8767386608908376,0.8675120153425592,model.layers.31.mlp.gate_proj,4096,752.9023642232642,4096,110,0,1,0.21830847675112888,7.370755672454834,102.1472421120845,success,2.7149136066436768,0.0930846706032753,,0,7.370755672454834,0.48420417308807373
447,up_proj,0.028570249390452163,4096,14336,3.5,3.920338058992264,5.097655176496531,1.171733323867774,True,19.966875076293945,dense,5.09831216945284,2.774911474981938,1.300310100758734,model.layers.31.mlp.up_proj,4096,595.5407382836565,4096,737,0,1,0.1075720349908573,19.966875076293945,29.82643683641431,success,4.468430995941162,0.10010623931884766,,0,19.966875076293945,0.21394658088684082
448,down_proj,0.0346884456853932,4096,14336,3.5,5.548867031211524,2.70077289941054,1.1912573839398897,True,3.067080020904541,dense,2.7033554950950838,2.6878299382402044,0.4867251069847426,model.layers.31.mlp.down_proj,4096,487.337620254606,4096,395,0,1,0.2288783396227429,3.067080020904541,158.89302428792868,success,1.7513080835342407,0.12015160173177719,,0,3.067080020904541,0.23085758090019226
453,lm_head,0.022730640569425975,4096,32768,8.0,4.554772391854415,11.284806482264601,1.1222551492559296,True,300.3160705566406,dense,11.284806645970278,3.378272777677924,2.4775785728494197,lm_head,4096,2389.3115235076984,4096,776,1,1,0.12760889203804843,300.3160705566406,7.955989564857689,success,17.32962989807129,0.019849177449941635,,0,300.3160705566406,0.7139013409614563
